ID,"input word",pronounce,part-of-speech,translation,synonyms,alt-synonyms
1,86,,,86,,
2,"a la mode",,,divatos,,
3,"a priori",,,"a priori",,
4,a1,,,a1,,
5,aback,əˈbak,adverb,hátra,back|behind|rearwards|backwards,visszafelé
6,abaft,əˈbaft,adverb,"hajó fara felé",,
7,abandon,əˈbandən,verb,elhagyott,"forsake|leave|omit|leave behind|desert|mail|give up|waive|give in|relinquish|hand down|give up|radio","elhagy|felad|letesz valamiről|lead"
8,abandoned,əˈbandənd,adjective,elhagyatott,deserted|desolate|neglected|forlorn|lorn|profligate|lewd,feslett
9,abandonment,əˈbandənmənt,noun,lemondás,resignation|renunciation|waiver|renouncement|abdication,elhagyás
10,abase,əˈbās,verb,megaláz,humiliate|humble|abject,
11,abash,Ābāsa,,Lakóhely,,
12,abashment,,noun,zavar,confusion|embarrassment|difficulties|jam|perplexity,
13,abate,əˈbāt,verb,érvénytelenít,decrease|reduce|diminish|lower|cut|invalidate|void|cancel|nullify|annul,csökkent
14,abatement,əˈbātmənt,noun,csökkentés,"reduction|reducing|mitigation|cut|cutting down|invalidation|annulment|abolishment|avoidance|reversal|complicity",érvénytelenítés|bűnpártolás
15,abbey,ˈabē,noun,apátság,,
16,abbreviate,əˈbrēvēˌāt,verb,rövidít,abridge|shorten|curtail,
17,abbreviation,əˌbrēvēˈāSHən,noun,rövidítés,abridgment|abridgement|redaction|contraction,
18,abdicate,ˈabdiˌkāt,verb,lemond,"resign|renounce|give up|forgo|disclaim|mail|give up|abandon|waive|give in",felad
19,abdomen,"abˈdōmən,ˈabdəmən",noun,has,belly|tummy|pod|paunch|venter,potroh
20,abduct,abˈdəkt,verb,elrabol,rape|hijack|steal|raven,
21,abduction,abˈdəkSHən,noun,emberrablás,kidnapping,
22,abecedarian,ˌābēsēˈde(ə)rēən,adjective,betűrendes,alphabetic|alphabetical|basic|fundamental|essential|elementary|radical,alapvető
23,aberrant,"əˈber-,ˈabərənt",adjective,aberrált,,megtévedt|eltévedt
24,aberrated,,,aberrált,,
25,aberration,ˌabəˈrāSHən,noun,eltérés,deviation|difference|discrepancy|divergence|variation,"rendellenes fejlődés"
26,aberrational,,,aberrational,,
27,abet,əˈbet,verb,felbujt,suborn,
28,abetment,,,abetment,,
29,abetter,,,jobb,,
30,abettor,,noun,bűnsegéd,,
31,abeyance,əˈbāəns,noun,felfüggesztve,,"hatályon kívül helyezve"
32,abhor,abˈhôr,verb,gyűlöl,hate|loathe|detest|abominate,
33,abhorrence,"-ˈhär-,abˈhôrəns",noun,gyűlölet,hate|hatred|rancor|detestation|rancour|disgust|loathing|nausea|repugnance|abomination,undor
34,abhorrent,"-ˈhär-,abˈhôrənt",adjective,gyűlöletes,hateful|detestable|loathsome|loathful|invidious,
35,abidance,,noun,tartózkodás,stay|residence|staying|reticence|abstention,
36,abide,əˈbīd,verb,betartja,stay|dwell|beware|bear|tolerate|endure|sustain|suffer,tartózkodik|elvisel|bevár
37,abiding,əˈbīdiNG,adjective,maradandó,lasting|imperishable|undying|indefectible|deathless,
38,ability,əˈbilitē,noun,képesség,capability|facility|calibre|talent|gift|faculty|aptitude|art,tehetség
39,abject,"abˈjekt,ˈabˌjekt",adjective,siralmas,deplorable|lamentable|lugubrious|piteous|dungy,alávaló
40,abjection,,noun,megalázás,humiliation|mortification,
41,abjectly,,,aljasul,,
42,abjure,abˈjo͝or,verb,"esküvel tagad",forswear,
43,ablaze,əˈblāz,adjective,lángoló,flaming|blazing|flamy|flaring|aglow|excited|hectic|jumpy|agog|flurried,"izgatott|lángban álló|lángvörös"
44,able,ˈābəl,adjective,képes,capable|illustrated|susceptible|clever|skillful|skilful|deft|good,ügyes
45,able-bodied,,adjective,"fizikailag erős",strong|muscular,
46,ably,ˈāblē,adverb,ügyesen,capably|masterly,
47,abnegate,,,"megtagadja önmagát",,
48,abnegation,ˌabniˈgāSHən,noun,önmegtagadás,self-denial|self-sacrifice|self-renunciation|self-effacement|resignation|renunciation|waiver|abandonment|renouncement,lemondás
49,abnormal,abˈnôrməl,adjective,rendellenes,irregular|atypical|anomalous,
50,abnormality,ˌabnôrˈmalitē,noun,rendellenesség,anomaly|irregularity|monstrosity|enormity|atrocity|frightfulness,szörnyűség
51,abode,əˈbōd,noun,lakóhely,residence|domicile|home|habitation|house,
52,aboil,,,Megszüntettem,,
53,abolish,əˈbäliSH,verb,megszüntet,"do away|wipe out|cancel|obliterate|terminate|discontinue|cease|do away with|abrogate",eltöröl
54,abolishment,,noun,eltörlése,invalidation|annulment|avoidance|reversal|rescission,érvénytelenítés
55,abolition,ˌabəˈliSHən,noun,eltörlés,cancellation|abrogation|obliteration|wipe|liquidation|removal,megszüntetés
56,abominable,əˈbäm(ə)nəbəl,adjective,utálatos,hateful|detestable|loathsome|odious|nasty|hideous|odious|execrable|nauseous,undok
57,abominate,əˈbäməˌnāt,verb,utál,hate|detest|loathe|nauseate|execrate|hate|loathe|detest|abhor,gyűlöl
58,abomination,əˌbäməˈnāSHən,noun,utálat,hatred|loathing|dislike|detestation|distaste|disgust|loathing|abhorrence|nausea|repugnance,undor
59,aboriginal,ˌabəˈrijənl,noun,bennszülött,native|denizen|native,őslakó
60,aborigine,ˌabəˈrijənē,,aborigine,,
61,aborning,,,aborning,,
62,abort,əˈbôrt,verb,elvetél,"miscarry|break off|interrupt|intermit|cut off|intersect|stop|halt|shut off|cut off|stop|halt|arrest|rein in|pull up","megszakít|leállít|terhességet megszakít|megállít"
63,abortion,əˈbôrSHən,noun,magzatelhajtás,failure|fiasco|defeat|throw-back,koraszülés|kudarc
64,abortive,əˈbôrtiv,adjective,sikertelen,unsuccessful|failed|still-born|rudimentary|half-baked|embryonic|aborted,kezdetleges
65,abound,əˈbound,verb,bővelkedik,teem|exuberate,
66,abounding,əˈboundiNG,verb,gazdag,abound|teem|exuberate,bővelkedik
67,about,əˈbout,preposition,"ról ről","around|circa|for|on account of|from|off|from|off",körülbelül|miatt|-ról|-ről
68,about-face,,verb,fordulat,,"sarkon fordul"
69,above,əˈbəv,adverb,felett,over|beyond|over|overhead|upwards|uppermost|high|uppermost|high|over|upwards|overhead,fent|felül|legfelül
70,abracadabra,,,varázsige,,
71,abrade,əˈbrād,verb,ledörzsöl,,lecsiszol
72,abrasion,əˈbrāZHən,noun,kopás,fraying|graze|bruise|galling|scratch,horzsolás|karcolás|lekopás
73,abrasive,"-ziv,əˈbrāsiv",adjective,csiszoló,,
74,abreast,əˈbrest,adverb,"egymás mellett","next to each other|side by side","egy lépcsőben|váll-váll mellett"
75,abridge,əˈbrij,verb,rövidít,shorten|abbreviate|curtail,
76,abridgement,,noun,kivonat,extract|extraction|digest|abridgment|epitome|abbreviation|abridgment|redaction|contraction,rövidítés
77,abridgment,əˈbrijmənt,noun,rövidítés,abbreviation|abridgement|redaction|contraction|extract|extraction|digest|abridgement|epitome,kivonat
78,abrogate,ˈabrəˌgāt,verb,megszünteti,"invalidate|void|cancel|nullify|annul|terminate|discontinue|cease|abolish|do away with",érvénytelenít|megszüntet
79,abrogation,,noun,eltörlés,abolition|cancellation|obliteration|wipe,
80,abrupt,əˈbrəpt,adjective,hirtelen,sudden|rapid|hasty|heady|headlong|rude|impolite|discourteous|uncivil|inurbane|discontinuous|incoherent|disjointed|skimble-skamble|scrappy,udvariatlan|összefüggéstelen
81,abruptly,,adverb,hirtelen,"suddenly|sharp|all of a sudden|short|bang|unexpectedly|pop|quite unexpectedly|rough|in the raw",váratlanul|nyersen
82,abscond,abˈskänd,verb,megszökik,"escape|elope|get away|fall away|hide",elrejtőzik
83,absence,ˈabsəns,noun,távollét,deficit|deficiency|lack|shortage|scarcity,hiány
84,absent,,adjective,hiányzó,missing|lacking|wanting,
85,absentminded,ˈabsəntˌmīndid,adjective,szórakozott,absent-minded|preoccupied|light-headed|scatter-brained|distrait,
86,absolute,"ˈabsəˌlo͞ot,ˌabsəˈlo͞ot",adjective,abszolút,complete|total|entire|whole|global|categorical|peremptory|irrevocable|irreversible|indefeasible,"teljes|ellentmondást nem tűrő|visszavonhatatlan"
87,absoluteness,,noun,"korlátlan hatalom",,
88,absolution,ˌabsəˈlo͞oSHən,noun,feloldozás,shrift,bűnbocsánat
89,absolutism,ˈabsəlo͞oˌtizəm,noun,abszolutizmus,tyranny|despotism|victimization,zsarnokság
90,absolve,"-ˈsälv,əbˈzälv",verb,felment,"release|exonerate|quit|exempt from",feloldoz
91,absorb,"-ˈsôrb,əbˈzôrb",verb,elnyel,"suck|engulf|swallow up|suck in|whelm|obligate|immobilize",leköt
92,absorbant,,,felszívó,,
93,absorbed,"-ˈsôrbd,əbˈzôrbd",adjective,elnyelt,,
94,absorbent,"-ˈsôr-,əbˈzôrbənt",adjective,nedvszívó,absorptive|sound-proof,felszívó|hangelnyelő
95,absorbing,"-ˈsôr-,əbˈzôrbiNG",adjective,elnyelő,,
96,absorption,"-ˈsôrp-,əbˈzôrpSHən",noun,abszorpció,,elnyelés|felszívás
97,"abstain from",,,tartózkodni,,
98,abstainer,,adjective,bornemissza,,
99,abstemious,abˈstēmēəs,,mértékletes,,
100,abstentious,,,abstentious,,
101,abstinence,ˈabstənəns,noun,önmegtartóztatás,abstinent|self-denial|stay|residence|staying|reticence|abstention,tartózkodás
102,abstinent,,adjective,önmegtartóztató,continent|self-denying|teetotal,antialkoholista
103,abstract,,adjective,absztrakt,,elvont
104,abstracted,abˈstraktid,adjective,elvonatkoztatott,,
105,abstraction,abˈstrakSHən,noun,absztrakció,,elvonás
106,abstruse,abˈstro͞os,adjective,homályos,obscure|vague|dim|unclear|hazy|esoteric|oracular,"rejtett értelmű"
107,absurd,"-ˈzərd,əbˈsərd",adjective,abszurd,preposterous|nonsensical|farcical|unable|impossible|ridiculous|nonsensical|ridiculous|ludicrous|laughable|comic|comical,képtelen|nevetséges
108,absurdity,"-ˈzərd-,əbˈsərditē",noun,képtelenség,inability|nonsense|impossibility|ineptitude|incongruity,abszurdum
109,abubble,əˈbəbəl,,abubble,,
110,abundance,əˈbəndəns,noun,bőség,plenty|affluence|width|exuberance|superabundance|wealth|prosperity|welfare|well-being|comfort,jólét
111,abundant,əˈbəndənt,adjective,bőséges,copious|plenty|ample|plentiful|profuse|copious,kiadós
112,abuse,,noun,visszaélés,misuse|diatribe|encroachment|injustice|illegitimacy|insult|offense|affront|wound|lesion|malpractice|hex|garbling|misapplication,"durva bánásmód|helytelen használat|rongálás|gyalázkodás|túlkapás|jogtalanság|sértés|nemi erőszak|szabálytalanság|téves használat|gyalázkodó beszéd|ócsárlás|rontás|rossz célra való fordítás|téves alkalmazás|helytelen alkalmazás|mocskolódás"
113,abusive,"-ziv,əˈbyo͞osiv",adjective,gyalázkodó,defamatory|vituperative,sértegető
114,abut,əˈbət,verb,összeér,,"határos vmivel"
115,abutting,,verb,felfekvő,abut,"határos vmivel"
116,abuzz,əˈbəz,adjective,zümmögő,humming,zümmögés
117,abysm,əˈbizəm,noun,"föld mélye",,őskáosz
118,abysmal,əˈbizməl,adjective,feneketlen,bottomless|unfathomable|groundless,
119,abyss,əˈbis,noun,szakadék,gap|chasm|precipice|ravine|cleft,"végtelen idő"
120,academe,"ˈakəˌdēm,ˌakəˈdēm",,academe,,
121,academic,ˌakəˈdemik,adjective,akadémiai,academical|university|academical|theoretical|theoretic|speculative|ideological|academical,egyetemi|elméleti
122,academical,,adjective,akadémiai,academic|university|academic|theoretical|academic|theoretic|speculative|ideological,egyetemi|elméleti
123,academy,əˈkadəmē,noun,akadémia,college,"főiskola|tudományos társaság"
124,accede,akˈsēd,verb,csatlakozásra,"agree|clinch|concur|come to an agreement|compound","hivatalt elfoglal|megegyezik"
125,accelerate,akˈseləˌrāt,verb,gyorsul,"speed|speed up|quicken|hurry|bustle|urge|hasten|expedite",gyorsít|siettet
126,accent,,noun,hangsúly,emphasis|tone|dot,ékezet
127,accentuate,akˈsenCHo͞oˌāt,verb,hangsúlyoz,"emphasize|lay stress|accent",
128,accentuation,akˌsenCHo͞oˈāSHən,noun,hangsúlyozás,,
129,accept,akˈsept,verb,elfogad,"adopt|recognize|adapt|acknowledge|put up with|adopt|take it into",befogad
130,acceptability,,noun,elfogadhatóság,plausibility,
131,acceptable,akˈseptəbəl,adjective,elfogadható,passable|admissible|welcome,"szívesen látott"
132,acceptably,,,elfogadhatóan,,
133,access,ˈakˌses,noun,hozzáférés,entry|entrance|admission|entree|incoming|input,belépés|hozzáférhetőség|bemenet
134,accessary,,adjective,kiegészítő,additional|supplementary|complementary|auxiliary|completive,
135,accessible,akˈsesəbəl,adjective,hozzáférhető,pervious|approachable|get-at-able|come-at-able|available|attainable|achievable,elérhető
136,accession,akˈseSHən,noun,csatlakozás,growth,gyarapodás
137,accessorial,,,accessorial,,
138,accessory,akˈses(ə)rē,noun,tartozék,appurtenance|accomplice,járulékos|bűntárs
139,accident,ˈaksidənt,noun,baleset,mishap|misadventure,"rendkívüli esemény"
140,accidental,ˌaksiˈdentl,adjective,véletlen,random|incidental|adventitious|fortuitous|occasional|incidental|contingent|haphazard|adventitious|promiscuous,esetleges
141,acclaim,əˈklām,noun,elismerést,,"lelkes éljenzés"
142,acclamation,ˌakləˈmāSHən,noun,felkiáltás,cheering|cheer|ovation|exclamation|outcry|approval|applause|suffrage,éljenzés|helyeslés
143,acclimate,"əˈklīmit,ˈakləˌmāt",verb,hozzászokik,"be addicted to|get used to it|become addicted|become acclimatized to|acclimatize|immigrate",meghonosít|betelepít
144,acclimation,,,akklimatizációs,,
145,acclimatization,,noun,akklimatizálódás,,hozzászoktatás
146,acclimatize,əˈklīməˌtīz,verb,meghonosít,acclimate,akklimatizál
147,acclivity,əˈklivitē,noun,emelkedő,ramp|upgrade,
148,accolade,"-ˌläd,ˈakəˌlād",noun,elismerés,recognition|acknowledgment|admission|probate,"lovaggá ütés"
149,accommodate,əˈkäməˌdāt,verb,elhelyezésére,"conform|suit|roost|lodge|put up|quarter|room",alkalmazkodik|elszállásol
150,accommodating,əˈkäməˌdātiNG,adjective,előzékeny,courteous|considerate|compliant|polite|urbane|officious,szolgálatkész
151,accommodation,əˌkäməˈdāSHən,noun,szállás,quarters|lodging|housing|lodgement|lodgment|housing|conformity|conformation|opportunism|pliancy,elszállásolás|alkalmazkodás
152,accommodative,,,alkalmazkodó,,
153,accompaniment,əˈkəmp(ə)nimənt,noun,kíséret,escort|suite|retinue|attendance|screen,
154,accompany,əˈkəmp(ə)nē,verb,kísér,"chaperon|lead on|company|consort|reside|attend|inhere|connote","elkísér|vele jár"
155,accompanying,,adjective,kísérő,concomitant|incident|inherent,velejáró
156,accomplice,əˈkämplis,noun,bűnrészes,accessory,bűntárs
157,accomplish,əˈkämpliSH,verb,"megvalósítani, végrahajt",perform|fulfill|comply|satisfy|implement|execute|fulfil|enforce|implement|realize|realize|achieve|effect|effectuate|materialize|improve|perfect,teljesít|végrehajt|megvalósít|tökéletesít
158,accomplished,əˈkämpliSHt,adjective,tökéletes,perfect|exquisite|consummate|very|polished,csiszolt
159,accomplishment,əˈkämpliSHmənt,noun,teljesítmény,"performance|output|achievement|efficiency|level of norm|end|completion|conclusion|termination|windup",befejezés
160,accord,əˈkôrd,noun,egyetértés,agreement|concord|concert|harmony|rapport,"üzleti szerződésösszhang"
161,accordance,əˈkôrdns,noun,szerint,harmony|conformity|correspondence|rapport|unison,összhang
162,accordant,,,így,,
163,accordingly,əˈkôrdiNGlē,adverb,Eszerint,,eszerint|aszerint|ilyenformán
164,accouchement,,,szülés,,
165,account,əˈkount,noun,számla,report|statement|coverage|oral|narration|recital|relation,"beszámoló|számadás|elmondás|könyvviteli számla"
166,"account for",,verb,figyelembe,"account|reckon with|give an account|justify|motive|unfold|elucidate",elszámol|indokol|megmagyaráz
167,accountable,əˈkountəbəl,adjective,felelős,responsible|liable|justiciable|answerable|amenable,"felelősségre vonható|számadásra kötelezett|elszámolásra kötelezett|számadásra kötelezhető|elszámolásra kötelezhető"
168,accounting,əˈkountiNG,noun,számvitel,,
169,accouter,,,felfegyverez,,
170,accouterment,,,accouterment,,
171,accoutre,,,accoutre,,
172,accoutrement,"-trə-,əˈko͞otərmənt",,accoutrement,,
173,accredit,əˈkredit,verb,akkreditál,,"megbízólevéllel ellát|hitelt szerez"
174,accreditation,,,akkreditáció,,
175,accrete,əˈkrēt,verb,toboroz,recruit,
176,accretion,əˈkrēSHən,noun,növekedés,growth|increase|growing|rise|increment,szaporodás
177,accretive,,,accretive,,
178,accrual,,,eredményszemléletű,,
179,accumulate,əˈkyo͞omyəˌlāt,verb,felhalmozódnak,"amass|hoard|clump|pile up|heap up|pile up|round up|assemble|hive|rally",felhalmoz|összegyűjt
180,accumulating,,verb,felhalmozódó,"amass|hoard|clump|accumulate|pile up|heap up|pile up|accumulate|round up|assemble|hive|rally",felhalmoz|összegyűjt
181,accumulation,əˌkyo͞omyəˈlāSHən,noun,felhalmozódás,agglomeration|pile|heap|mass|batch|clump,halom
182,accumulative,"-ˌlātiv,əˈkyo͞omyələtiv",adjective,tároló,holding,
183,accuracy,ˈakyərəsē,noun,pontosság,precision|punctuality|exactness|preciseness|nicety|thoroughness,alaposság
184,accurate,ˈakyərit,adjective,pontos,exact|precise|punctual|strict|particular|thorough|profound|deep|intensive|basic,alapos
185,accurateness,,,pontosságát,,
186,accursed,"əˈkərsid,əˈkərst",adjective,elátkozott,fey,megátkozott
187,accurst,,adjective,"átokkal sújtott",,
188,accuse,əˈkyo͞oz,verb,vádol,blame|charge|incriminate|indict|denounce,ráolvas
189,accustom,əˈkəstəm,verb,hozzászoktat,"inure|settle in",
190,accustomed,əˈkəstəmd,adjective,szokásos,usual|habitual|customary|ordinary|regular|everyday|workaday,mindennapi
191,ace,ās,noun,ász,excellence|eminence|mastery|prominence|personage,kiválóság
192,acerb,,,keserű,,
193,acerbic,əˈsərbik,,fanyar,,
194,acerbity,,noun,keserűség,bitterness|wormwood|acridity,
195,ache,āk,noun,fájdalom,pain|grief|soreness|gout|throe,fájás
196,"ache for",,,fáj,,
197,achievable,,adjective,elérhető,available|accessible|attainable|feasible|practicable|realizable|doable|devisable,megvalósítható
198,achieve,əˈCHēv,verb,elér,"reach|get|gain|get at|get hold of|realize|effect|effectuate|accomplish|materialize",megvalósít
199,achievement,əˈCHēvmənt,noun,teljesítmény,"performance|output|accomplishment|efficiency|level of norm|fulfillment|compliance|discharge|consummation|fulfilment",teljesítés
200,"achilles' heel",,,"Achilles egésze",,
201,aching,ˈākiNG,adjective,fájó,sore,
202,achingly,,,fájdalmasan,,
203,achy,ˈākē,,sajgó,,
204,acid,ˈasid,noun,sav,drug|narcotic|dope,kábítószer
205,acidic,əˈsidik,,savas,,
206,acidity,əˈsiditē,,savasság,,
207,acidness,,,acidness,,
208,acidulous,əˈsijələs,adjective,savas,,
209,acknowledge,akˈnälij,verb,elismerni,"recognize|admit|concede|avow|accept|adopt|recognize|adapt|put up with",elismer|elfogad
210,acknowledgement,akˈnälijmənt,noun,elismerés,acknowledgment|receipt|recognition|acknowledgment|admission|accolade|probate,nyugtázás
211,acknowledgment,akˈnälijmənt,noun,elismerés,receipt|acknowledgement|recognition|admission|accolade|probate,nyugtázás
212,acme,ˈakmē,noun,csúcspont,height|zenith|heyday|peak|height|climax|zenith|vertex,tetőpont
213,acolyte,ˈakəˌlīt,noun,oltárszolga,,
214,acoustic,əˈko͞ostik,adjective,akusztikus,phonetic,akusztikai|hangtani
215,acoustical,,,akusztikai,,
216,acquaint,əˈkwānt,verb,megismertet,familiarize|enlighten|disabuse|inform|illuminate|lighten,felvilágosít
217,acquaintance,əˈkwāntns,noun,ismerős,,ismeretség
218,acquainted,,adjective,ismerkedés,,"ismeretségben álló"
219,acquiesce,ˌakwēˈes,verb,beleegyezik,"consent|agree|go into",belemegy
220,acquiescence,ˌakwēˈesəns,noun,hozzájárulás,contribution|consent|assent|approval|permission,"hallgatólagos beleegyezés"
221,acquiescent,ˌakwēˈesənt,adjective,beleegyező,approbatory,
222,acquirable,,,megszerezhető,,
223,acquire,əˈkwī(ə)r,verb,szerez,"obtain|gain|take|come by|evict|take out|procure|learn|pick up",megszerez|elsajátít
224,acquirement,əˈkwī(ə)rmənt,noun,megszerzés,acquisition|attainment|procurement|obtestation,
225,acquisition,ˌakwəˈziSHən,noun,beszerzés,procurement|supply|attainment|acquirement|procurement|obtestation|buying|purchase|purchase|buy|over|purchase|acquest|profit|gain|lucre|gainings|thrift,megszerzés|vásárlás|vétel|szerzeményezés|szerzemény|nyereség|vívmány|vagyongyűjtés
226,acquisitive,əˈkwizitiv,adjective,nyereségvágyó,,
227,acquisitiveness,əˈkwizitivnis,,acquisitiveness,,
228,acquit,əˈkwit,verb,viszonoz,render|requite|repay,"adósságot kiegyenlít"
229,acquittal,əˈkwitl,noun,felmentés,exemption|dispensation|relief|exoneration|exculpation,"felmentő ítélet"
230,acrid,ˈakrid,adjective,fanyar,sour|tart|acid,
231,acridity,,noun,keserűség,bitterness|acerbity|wormwood,
232,acridness,,,acridness,,
233,acrimonious,ˌakrəˈmōnēəs,adjective,elkeseredett,bitter|embittered|disappointed|heart-broken|hot|pungent|biting|peppery|scathing,csípős
234,acrimoniousness,,,acrimoniousness,,
235,acrimony,ˈakrəˌmōnē,noun,csípősség,smartness|stinginess|mordacity|piquancy|causticity,kesernyésség
236,acrobat,ˈakrəˌbat,noun,akrobata,tumbler|artiste,artista
237,acrobatics,ˌakrəˈbatiks,noun,akrobatika,,
238,across,"əˈkräs,əˈkrôs",adverb,át,through|thwart|athwart,keresztben
239,across-the-board,,adjective,"a fedélzeten keresztül",extensive|comprehensive|far-flung,széleskörű
240,act,akt,noun,törvény,action|doing|deed|action|doing|feat,cselekedet|tett|felvonás
241,"act out",,,cselekedj,,
242,"act toward",,,cselekedjünk,,
243,"act up",,verb,cselekedj,,"valaminek megfelelően jár el"
244,acting,ˈaktiNG,adjective,ható,active|operative|live|active|activated|militant,működő|aktív
245,action,ˈakSHən,noun,akció,operation|activity|function|pursuit|strenuousness|operation|operations|deed|act|doing|feat|act|doing|deployment|mission|sortie|application|commitment|fight|combat|struggle|battle|war|battle|combat|engagement|fight|operation|battle|combat|engagement|battle|combat|operation|struggle,tevékenység|művelet|tett|cselekedet|bevetés|harc|ütközet|csata|harctevékenység
246,"action figure",,,"akció figura",,
247,actionable,ˈakSHənəbəl,adjective,perelhető,,
248,activate,ˈaktəˌvāt,verb,aktiválja,"erect|stick up|rig up|raise|post|instal|install|make|charter|found","aktivizál|tevékennyé tesz|felállít|felállítás|létesít|létesítés"
249,active,ˈaktiv,adjective,aktív,"activated|acting|militant|acting|operative|live|operative|strenuous|up and doing|effective|efficient|efficacious|effectual|lively|vivid|vigorous|brisk|animated",működő|tevékeny|hatékony|élénk
250,actively,,,aktívan,,
251,activity,akˈtivitē,noun,tevékenység,action|function|pursuit|strenuousness|busyness|pursuit|occasions|function,elfoglaltság|cselekvés|ténykedés
252,actor,ˈaktər,noun,színész,"theatrical|Thespian|player|performer|play actor",színművész
253,actual,ˈakCHo͞oəl,adjective,tényleges,effective|real|factual|virtual|substantive|real|genuine|authentic|very|intrinsic|real|veritable|very|factual|live,valódi|valóságos
254,actuality,ˌakCHo͞oˈalitē,noun,aktualitás,topicality|reality,realitás
255,actualization,,,aktualizálása,,
256,actualize,ˈakCHo͞oəˌlīz,verb,megvalósít,vitalize|realize|achieve|effect|effectuate|accomplish,megelevenít
257,actually,ˈakCHo͞oəlē,adverb,tulajdonképpen,"virtually|now|at present|presently|at par",jelenleg
258,actuate,ˈakCHo͞oˌāt,verb,"működésbe hoz",operate|react|impress,"hatással van|aktivál"
259,acuity,əˈkyo͞oitē,noun,élesség,sharpness|acuteness,
260,acumen,"əˈkyo͞omən,ˈakyə-",noun,éleslátás,clairvoyance|shrewdness|artifice,eszesség
261,acute,əˈkyo͞ot,adjective,akut,virulent|pointed|sharp|mountainous|hilly|spiked|sharp|live|keen|cutting|shrill|intense|heated|impetuous|hot|vehement|bright|witty|quick-witted|cunning|sly|crafty|canny|cute,heveny|hegyes|éles|heves|éleselméjű|ravasz
262,acuteness,,noun,ravaszság,cunning|cuteness|finesse|slyness|craftiness|vehemence|fervency|impetuosity|mettle|ardour|sharpness|acuity,"hevesség|élesség|éles ész"
263,ad,ad,noun,hirdetés,advertising|advertisement|publicity|want-ad,apróhirdetés
264,"ad hoc",,,hogy,,
265,"ad interim",,,ideiglenesen,,
266,adage,ˈadij,noun,példabeszéd,parable|proverb,"bölcs mondás"
267,adamant,ˈadəmənt,adjective,hajthatatlan,intransigent|unyielding|relentless|inflexible|unrelenting,"gyémántkeménységű anyag"
268,adamantine,"-tin-,-ˌtēn,ˌadəˈmanˌtīn",adjective,kemény,hard|tough|firm|horny,
269,adapt,əˈdapt,verb,alkalmazkodni,"accept|adopt|recognize|acknowledge|put up with|become operational|go into service",adaptál|hozzáilleszt|elfogad|rendszeresít
270,adaptable,əˈdaptəbəl,adjective,alkalmazható,applicable|employable|appropriate|corresponding|right|adequate|suitable,megfelelő
271,adaptation,"ˌadapˈtāSHən,ˌadəp-",noun,alkalmazkodás,application|use|employment|employ|hiring,adaptálás|alkalmazás|átdolgozás
272,adapter,əˈdaptər,noun,adapter,adaptor|adaptor,feldolgozó
273,adaption,,,adaptáció,,
274,adaptor,əˈdaptər,noun,adapter,adapter|adapter,feldolgozó
275,add,ad,verb,hozzáad,"put to|touch|sum|wed|totalize|total|sum up",összead
276,"add to",,,"add hozzá",,
277,"add up to",,verb,kitesz,"put out|expose|display|set out|throw out",
278,added,,,hozzáadott,,
279,addendum,əˈdendəm,noun,függelék,appendix|appendage|rider|tag|affix|elongation|tail-piece,toldalék|toldat
280,addict,ˈadikt,noun,rabja,,"szenvedély rabja"
281,addicting,,,függés,,
282,addiction,əˈdikSHən,noun,függőség,transmission|handover|deliverance,"káros szenvedélynek hódolás|átadás"
283,addictive,əˈdiktiv,,addiktív,,
284,addition,əˈdiSHən,noun,kiegészítés,supplement|completion|complement|supplemental|corollary|admixture|apposition,hozzáadás|hozzáépítés
285,additional,əˈdiSHənl,adjective,további,further|another|supplementary|complementary|auxiliary|completive|accessary,kiegészítő
286,additionally,əˈdiSHənl-ē,,emellett,,
287,additive,ˈaditiv,noun,adalékanyag,aggregate,
288,addle,ˈadl,verb,megrohaszt,,
289,addled,ˈadld,adjective,megzápult,,
290,addlepated,,,addlepated,,
291,add-on,,,Hozzáad,,
292,address,"əˈdres,ˈaˌdres",noun,cím,"title|heading|name|mailing address",
293,adduce,əˈd(y)o͞os,verb,felhoz,"allege|allude to","hivatkozik vmire"
294,adept,,adjective,ügyes,clever|skillful|skilful|deft|good|competent|businesslike|practiced,hozzáértő
295,adeptly,,,ügyesen,,
296,adeptness,,,adeptness,,
297,adequacy,ˈadikwəsē,noun,megfelelés,convenience|fitness|suitability|fitness|aptitude|competence|appropriateness,alkalmasság
298,adequate,ˈadikwit,adjective,megfelelő,appropriate|corresponding|right|suitable|proper|sufficient|enough|satisfactory|enough|sufficient,elegendő|elégséges|elég
299,adequately,,,megfelelő,,
300,adhere,adˈhi(ə)r,verb,tapad,"cling|be fond of",ragaszkodik|hozzátapad|ragad
301,"adhere to",,verb,"tartsa be","insist upon|persist|face it out","kitart vmi mellett"
302,adherence,,noun,tapadás,adhesion|cohesion|join|junction|loyalty|fidelity|allegiance|troth,csatlakozás|hűség
303,adherent,"-ˈher-,adˈhi(ə)rənt",adjective,tapadó,adhesive|supporting|pro,hozzátartozó|támogató
304,adhesion,adˈhēZHən,noun,tapadás,adherence|cohesion|approval|endorsement|confirmation|ratification|sanction|acceptance|admission|ratification,jóváhagyás|elfogadás
305,adhesive,"-ziv,adˈhēsiv",adjective,ragasztóanyag,adherent|sticky|tacky|glutinous|viscous|gummy,tapadó|ragadós|enyvezett
306,adieu,"äˈdyœ,əˈd(y)o͞o",verb,"Isten veletek",,"búcsút vesz vkitől"
307,adipose,ˈadəˌpōs,adjective,kövér,fat|plump|corpulent|lumping|gross,
308,adiposity,,,kövérség,,
309,adjacency,,noun,szomszédosság,contiguity,
310,adjacent,əˈjāsənt,adjective,szomszédos,"neighboring|nearby|adjoining|neighbor|next door|close|nearby|near|close to|nigh|contiguous|neighboring|confined|bounded|circumjacent","egymás melletti|közeli|határos|szomszéd|egymás mellett lévő|egymás mellett fekvő|szomszédság|közös határral bíró|tőszomszédságban lévő"
311,adjoin,əˈjoin,verb,csatlakozik,"join|join in|affiliate|link|combine|unite|join|incorporate|integrate",egyesít
312,adjoining,əˈjoiniNG,adjective,szomszédos,"adjacent|neighboring|nearby|neighbor|next door",
313,adjourn,əˈjərn,verb,berekeszt,"postpone|put off|defer|delay|leave over|put off|prorogue|hang up",elhalaszt|elnapol
314,adjudge,əˈjəj,verb,"döntést hoz",,
315,adjudicate,əˈjo͞odiˌkāt,verb,határozni,"award|decide|take a position|arbitrate","odaítél|eldönt|bírói határozatot hoz"
316,adjudicator,əˈjo͞odiˌkātər,,döntőbíró,,
317,adjunct,ˈajəNGkt,adjective,járulékos,incremental|appurtenant,
318,adjuration,,noun,"ünnepélyes kérés",,
319,adjure,əˈjo͝or,verb,kér,ask|request|demand|petition|beg|conjure,"ünnepélyesen felszólít"
320,adjust,əˈjəst,verb,beállítani,"go by|orient|tune in|ship|control|regulate|modulate|regularize|repair|regulate|refit|set right|readjust|correct|rectify","igazodik|beállít|igazít|szabályoz|rendbe hoz|helyesbít"
321,adjustable,əˈjəstəbəl,adjective,állítható,regulable,szabályozható
322,adjustment,əˈjəstmənt,noun,beállítás,"setting|trimming|focusing|focussing|presentation|camera calibration|disposal|arrangement|ranging|adjustment of fire|registration fire",beszabályozás|elintézés|megigazítás|belövés
323,adjutant,ˈajətənt,noun,szárnysegéd,"doggie|aide-de-camp|aide|aide-de-camp|military assistant|personnel adjutant",segédtiszt|adjutáns
324,ad-lib,,,rögtönöz,,
325,admeasurement,,,admeasurement,,
326,administer,ədˈminəstər,verb,beadására,"manage|treat|handle|operate|maintain|govern|steer|rule|reign|pilot|manage|administrate|direct|conduct|run|take charge of|use|apply|employ|hire|ply|arrange|manage|lead|drive|guide|head|conduct|give|provide|bestow|hand|inflict|control|direct|manage|guide|steer|supply|cater|provide|tend|fit up|stretch|afford|render|extend|dilate|contribute|consent|cooperate|redound",kezel|kormányoz|adminisztrál|igazgat|gondoskodik|alkalmaz|intéz|vezet|ad|irányít|ellát|nyújt|hozzájárul
327,"administer to",,,adminisztrálja,,
328,administrant,,,beadás,,
329,administrate,,verb,igazgat,manage|administer|direct|conduct|run,
330,administration,ədˌminəˈstrāSHən,noun,adminisztráció,"management|office work|conduct|ruling|control|guidance|direction|leadership|navigation|civil service|government|polity|statecraft",ügyintézés|igazgatás|irányítás|ügykezelés|államapparátus|államvezetés
331,administrative,"-strətiv,ədˈminiˌstrātiv",adjective,közigazgatási,magisterial|clerkly,adminisztratív|hivatali
332,administrator,ədˈminəˌstrātər,noun,adminisztrátor,clerk,ügyintéző|ügykezelő
333,admirable,ˈadmərəbəl,adjective,"csodálatra méltó",wonderful|marvelous|miraculous|wondrous|portentous|superb|magnificent|gorgeous|grandiose|jolly,csodálatos|nagyszerű
334,admiration,ˌadməˈrāSHən,noun,csodálat,,bámulat
335,admire,ədˈmī(ə)r,verb,csodál,"take pleasure in",gyönyörködik
336,admiring,,verb,megcsodálta,"admire|admire|take pleasure in",csodál|gyönyörködik
337,admiringly,,,elismerően,,
338,admissible,ədˈmisəbəl,adjective,elfogadható,acceptable|passable|permissible|allowable,megengedhető
339,admission,ədˈmiSHən,noun,belépés,entry|access|entrance|entree|incoming|recognition|acknowledgment|accolade|probate|acceptance|ratification|adhesion|admittance,"elismerés|elfogadás|belépési engedély"
340,admit,ədˈmit,verb,beismerni,"acknowledge|recognize|concede|avow|confess|own up|take up|enroll|take on|pull on|withdraw|let in|confess|let on|disbosom|own up",elismer|beismer|felvesz|beenged|bevall
341,"admit of",,,elismerik,,
342,admittance,ədˈmitns,noun,bejárás,admission,"bebocsátás|belépési engedély"
343,admittedly,ədˈmitidlē,adverb,kétségkívül,,
344,admixture,adˈmiksCHər,noun,keverék,mix|mixture|blend|compound|hybrid|addition|apposition,hozzáadás
345,admonish,ədˈmäniSH,verb,figyelmeztet,warn|caution|indicate|forewarn|exhort,megint
346,admonishing,,verb,intelmeit,warn|caution|admonish|indicate|forewarn|exhort|admonish,figyelmeztet|megint
347,admonishment,,noun,intés,monition|beck,
348,admonition,ˌadməˈniSHən,noun,figyelmeztetés,"warning|notice|notification|reminder|caution|reprimand|talking to|carpeting|dressing-down",dorgálás
349,admonitory,ədˈmänəˌtôrē,adjective,figyelmeztető,cautionary|premonitory|monitory|exhortative|monitorial,intő
350,ado,əˈdo͞o,noun,hűhó,ballyhoo|rumpus|upturn|roundup|turn-up|excitement|thrill|excitation|flurry|furore,felhajtás|izgalom
351,adolescence,ˌadlˈesəns,noun,serdülőkor,teens,kamaszkori
352,adolescent,ˌadlˈesənt,adjective,serdülő,pubescent|juvenescent,kamasz
353,adopt,əˈdäpt,verb,elfogad,"accept|recognize|adapt|acknowledge|put up with|accept|take it into","örökbe fogad|befogad|felvesz szokást"
354,adorable,əˈdôrəbəl,adjective,"imádni való",charming|captivating|ravishing|fetching|pleasurable,elragadó
355,adore,əˈdôr,verb,rajong,rave|worship,imád
356,adoring,,verb,imádó,adore|rave|worship|adore,rajong|imád
357,adorn,əˈdôrn,verb,szépít,beautify|prettify|decorate|garnish|embellish|ornament|ornate,díszít
358,adorning,,verb,díszítő,beautify|adorn|prettify|decorate|garnish|embellish|ornament|adorn|ornate,szépít|díszít
359,adornment,əˈdôrnmənt,noun,díszítés,decoration|ornament|ornamentation|embellishment|fancywork|decoration,dekoráció
360,adroit,əˈdroit,adjective,ügyes,clever|skillful|skilful|deft|good|pointful,talpraesett
361,adroitly,,,ügyesen,,
362,adroitness,əˈdroitnis,,adroitness,,
363,adulate,ˈajəˌlāt,verb,"hízeleg vkinek",wheedle|soft-soap,
364,adulation,ˌajəˈlāSHən,noun,hízelgés,flattery|taffy|coaxing|palaver|sawder|sycophancy|toadyism|toad-eating,talpnyalás
365,adulatory,ˌajəˈlātôrē,adjective,hízelgő,flattering|complimentary|coaxing|smarmy|sycophantic,
366,adult,"əˈdəlt,ˈadˌəlt",adjective,felnőtt,grown|full-grown,
367,adulterant,əˈdəltərənt,noun,szennyezőanyag,pollutant,
368,adulterate,əˈdəltəˌrāt,verb,hamisít,"fake|falsify|counterfeit|debase|cook|commit adultery","házasságtörést követ el"
369,adulterated,,,hamisított,,
370,adulterine,,,házasságtörő,,
371,adulterous,əˈdəlt(ə)rəs,adjective,házasságtörő,disloyal|treacherous|unfaithful|faithless|trustless,hűtlen
372,adultery,əˈdəlt(ə)rē,noun,házasságtörés,idolatry,bálványimádás
373,adulthood,,noun,felnőttkor,,felnőttség
374,adultness,,,adultness,,
375,adumbrate,"əˈdəm-,ˈadəmˌbrāt",verb,vázol,"sketch|delineate|scheme|trace|draw up|tell fortunes|augur|bode",felvázol|jósol
376,advance,ədˈvans,noun,előleg,"down payment|deposit|progress|advancement|progression|progressive|course|thrust",haladás|előrevonás|előrenyomulás
377,advanced,ədˈvanst,adjective,fejlett,"developed|advance|going|progressive|far gone|too far gone|updated|advance|improved",haladó|előrehaladott|fejlesztett|korszerűsített
378,advancement,ədˈvansmənt,noun,haladás,progress|advance|progression|progressive|course|development|evolution|progression|promotion|preferment|nomination,fejlődés|előléptetés
379,advantage,ədˈvantij,noun,előny,preference|benefit|profit|vantage|virtue|benefit|profit|gain|proceeds|lucre|superiority|supremacy|dominance|vantage|prepotency,haszon|fölény
380,advantageous,ˌadvənˈtājəs,adjective,előnyös,beneficial|useful|helpful|effective|profitable|salutary,hasznos
381,advent,ˈadˌvent,noun,megérkezés,coming,eljövetel
382,adventitious,ˌadvenˈtiSHəs,adjective,véletlen,random|accidental|incidental|fortuitous|occasional|incidental|accidental|contingent|haphazard|promiscuous,esetleges
383,adventure,"adˈvenCHər,əd-",noun,kaland,escapade|risk|hazard|chance|venture|jeopardy|happening|incidence,kockázat|történés
384,adventuresome,"adˈvenCHərsəm,əd-",,kalandvágyó,,
385,adventurous,"adˈvenCHərəs,əd-",adjective,kalandos,cloak-and-dagger|daring|presumptuous|brave|valiant|intrepid|enterprising|venturesome,"merész|vállalkozó szellemű"
386,adversarial,ˌadvərˈse(ə)rēəl,,ellenséges,,
387,adversary,ˈadvərˌserē,noun,ellenség,enemy|foe|antagonist|opponent|foe|antagonist,ellenfél|ellenséges
388,adverse,"adˈvərs,ˈadvərs",adjective,kedvezőtlen,contrary|inverse|recalcitrant|dissentient|opposing,"ellenkező|szemben álló|átellenes"
389,adversity,adˈvərsitē,noun,balsors,calamity|disaster|strike|stroke|plague|calamity,csapás
390,"advert to",,,hirdetés,,
391,advertence,,,advertence,,
392,advertency,,,advertency,,
393,advertise,ˈadvərˌtīz,verb,hirdet,advertize|advertize|publish|insert|divulge,közzétesz
394,advertisement,"ədˈvərtiz-,ˈadvərˌtīzmənt",noun,hirdetés,ad|advertising|publicity|publicity|commercial,reklám
395,advice,ədˈvīs,noun,tanács,council|counsel|suggestion|rede|notice|communication|message|aviso,értesítés
396,advisability,ədˌvīzəˈbilətē,,célszerűsége,,
397,advisable,ədˈvīzəbəl,adjective,tanácsos,,ajánlatos
398,advisableness,,,advisableness,,
399,advise,ədˈvīz,verb,"tanácsot ad",counsel|suggest|recommend,tanácsol
400,advised,ədˈvīzd,adjective,tanácsos,sage|wise|sapiential|sapient|sententious|considered|deliberate|conscious|guarded|earnest,bölcs|megfontolt
401,advisedly,ədˈvīzidlē,adverb,"előre megfontolva",,
402,advisement,ədˈvīzmənt,,szaktanácsadás,,
403,adviser,ədˈvīzər,noun,tanácsadó,counselor|mentor|aide|expert|fancier|connoisseur|adept|judge,szakértő
404,advisor,,,tanácsadó,,
405,advocate,,noun,ügyvéd,lawyer|attorney|solicitor|counsel|barrister|spokesman|supporter|promoter|backer|upholder|espouser,szószóló|támogató
406,advocator,,,advocator,,
407,aegis,ˈējis,noun,égisze,protection|defense|cover|shelter|vindication,védelem
408,aeon,,noun,"mérhetetlen hosszú idő",,
409,aesthetic,esˈTHetik,adjective,esztétika,esthetic|tasteful|classy|stylish|elegant|esthetic,esztétikus|ízléses
410,aesthetical,,,esztétikus,,
411,aesthetics,esˈTHetiks,noun,esztétika,esthetics,
412,afar,əˈfär,adverb,messze,"far|far away|off|far|away from|wide|asunder",távol
413,affability,ˌafəˈbilitē,noun,kedvesség,kindness|loveliness|niceness|gentleness|amenity|civility|politeness|courtesy|thoughtfulness|complaisance,előzékenység
414,affable,ˈafəbəl,adjective,barátságos,friendly|sociable|amicable|snug|neighborly|bland|suave|pleasant|pleasing|agreeable|comfortable|pleasurable,nyájas|kellemes
415,affair,əˈfe(ə)r,noun,ügy,business|case|matter|thing|shebang|relationship|ratio|commerce|connection|relationship|link|relation|association,viszony|kapcsolat|ügylet
416,affect,"əˈfekt,ˈafekt",verb,érint,"touch|concern|touch on|feel|dab",hat
417,affectation,,,kijelölés,,
418,affected,əˈfektid,adjective,érintett,artificial|sophisticated|unconstrained|factitious|prim|finical|pretty-pretty|pretended|assumed|feigned,mesterkélt|affektált|tettetett
419,affectedness,əˈfektədnəs,,érintettségét,,
420,affecting,əˈfektiNG,verb,érintő,"affect|touch|affect|concern|touch on|feel|dab",hat|érint
421,affection,əˈfekSHən,noun,szeretet,love|liking|fondness|effect|impact|influence|impression,hatás|lelkiállapot
422,affectionate,əˈfekSHənit,adjective,gyengéd,delicate|sisterly|tender-hearted,szeretetteljes
423,affectless,,,érzelemmentes,,
424,affectlessness,,,affectlessness,,
425,affianced,,adjective,jegyes,betrothed|engaged,
426,afficionado,,,afficionado,,
427,affiliate,,verb,partner,"join|join in|adjoin|link","tagul felvesz|csatlakozik|felvesz tagnak"
428,affiliated,əˈfilēˌātid,adjective,kapcsolt,recipient|receptive,befogadó
429,affiliation,əˌfilēˈāSHən,noun,hovatartozás,reception|recording|intake|enrollment|reception|enrolment,befogadás|affiliáció|felvétel
430,affinity,əˈfinitē,noun,affinitás,attraction,"vonzódás|rokoni viszony|jellembeli rokonság"
431,affirm,əˈfərm,verb,megerősítik,claim|state|submit|posit|contend|strengthen|confirm|amplify|intensify|assert|approve|ratify|sanction|assent|endorse,állít|erősít|jóváhagy
432,affirmation,ˌafərˈmāSHən,noun,megerősítés,confirmation|reinforcement|ratification|reinforcing|consolidation|statement|contention|allegation|predicate|predication|approval|endorsement|confirmation|ratification|sanction,állítás|jóváhagyás
433,affirmative,əˈfərmətiv,adjective,igenlő,positive|confirmatory|corroboratory|corroborant|predicative,megerősítő|állító
434,affix,,verb,elhelyezi,"annex|buckle|annexe|join up","csatol|hozzáerősít|ráfog vkire vmit"
435,afflict,əˈflikt,verb,kínoz,torture|torment|agonize|rack|tease,sújt|szomorít
436,afflicting,,verb,sújtó,torture|torment|agonize|afflict|rack|tease|afflict|afflict,kínoz|sújt|szomorít
437,affliction,əˈflikSHən,noun,szenvedés,misery|pain|tribulation|excruciation|disaster|strike|stroke|adversity|plague|dejection|depression|prostration|moodiness|heaviness,csapás|levertség
438,afflictive,,,afflictive,,
439,affluence,ˈaflo͞oəns,noun,bőség,abundance|plenty|width|exuberance|superabundance,
440,affluent,"əˈflo͞o-,ˈaflo͞oənt",adjective,gazdag,rich|wealthy|exuberant|moneyed|superabundant|rich|exuberant|mellow,dús
441,afford,əˈfôrd,verb,"engedheti meg magának,",stretch|render|extend|dilate|administer,"nyújt|megenged magának|győzi anyagilag"
442,affordable,əˈfôrdəbəl,,megfizethető,,
443,affright,əˈfrīt,noun,ijedtség,fright|alarm|shy|fear|awe|dread|funk|phobia,félelem
444,affrighted,,verb,megrémülve,scare|frighten|startle|terrify|daunt|aghast,megijeszt
445,affront,əˈfrənt,noun,sértés,insult|offense|abuse|wound|lesion,bántás
446,aficionado,"əˌfiSH(ē)əˈnädō,əˌfisyə-",noun,"valamilyen sport rajongója",,
447,afield,əˈfēld,adverb,mezőn,"outdoors|outside|in the open|out-of-doors",szabadban
448,afire,əˈfī(ə)r,adverb,Tűz,alight,égve|lángolva
449,aflame,əˈflām,adjective,lángoló,flaming|blazing|ablaze|flamy|flaring,
450,afloat,əˈflōt,adverb,felszínen,,"vízen úszó|úszva|levegőben úszva"
451,aflutter,,adjective,remegő,trembling|shaking|tremulous|wavering|quaking,
452,afoot,əˈfo͝ot,adverb,gyalogosan,astir,mozgásban
453,afore,əˈfôr,adverb,előbb,"before|previously|anteriorly|forward|in advance|ahead|front|forth",előre
454,aforementioned,əˈfôrˌmenSHənd,adjective,"fent említett",aforesaid|above-mentioned|above|afore-mentioned|afore-cited|afore-mentioned,"fentiekben utalt"
455,aforesaid,,adjective,"fent említett",above-mentioned|above|afore-mentioned|afore-cited,"már említett"
456,afraid,əˈfrād,adjective,félnek,,riadt|félős
457,afresh,əˈfreSH,adverb,újra,"again|anew|newly|again|from the beginning",ismét|elölről
458,aft,aft,noun,hátsó,,
459,after,ˈaftər,preposition,után,behind,azután|mögött
460,aftereffect,ˈaftəriˌfekt,noun,utóhatás,aftermath,utókövetkezmény
461,afterlife,ˈaftərˌlīf,noun,túlvilág,after-life|after-life,"élet eljövendő évei"
462,aftermath,ˈaftərˌmaTH,noun,utóhatás,aftereffect|consequence|result|effect|outcome|inference,következmény
463,afternoon,ˌaftərˈno͞on,noun,délután,,
464,afterward,ˈaftərwərd,,utána,,
465,afterwards,,adverb,később,"later|subsequently|after the lapse|subsequently|later|next",azután
466,afterword,ˈaftərˌwərd,,utószó,,
467,again,"əˈgen,əˈgān",adverb,újra,anew|newly|afresh|afresh,ismét
468,"again and again",,,"újra és újra",,
469,against,"əˈgenst,əˈgānst",preposition,ellen,versus|contra|opposite,szemben|ellenében
470,agape,"äˈgäˌpā,əˈgāp,ˈagəpī",adjective,bámuló,,
471,age,āj,noun,kor,era|period|epoch|time,életkor|korszak
472,aged,,adjective,idős,"elderly|of old|worn|shabby|threadbare|dingy|worn-out",kopott
473,agedness,,,öregség,,
474,ageing,ˈājiNG,noun,öregedés,,
475,ageless,ˈājlis,adjective,kortalan,,
476,agency,ˈājənsē,noun,ügynökség,operation|function|behavior|movement|pursuit,működés
477,agenda,əˈjendə,noun,napirend,calendar|routine|schedule|pontifical,szertartáskönyv
478,agent,ˈājənt,noun,ügynök,"broker|spy|bagman|solicitor|factor|spy|spier|intelligence agent|driving force|impulsion|propulsion",hatóanyag|kém|hajtóerő
479,age-old,,adjective,ősrégi,immemorial|world-old,
480,agglomerate,,adjective,összehordott,,
481,agglomeration,əˌgläməˈrāSHən,noun,agglomeráció,accumulation,felhalmozódás|összeragadás
482,aggrandize,əˈgranˌdīz,verb,megnagyít,,"magasabb rangra emel"
483,aggravate,ˈagrəˌvāt,verb,bosszant,annoy|vex|rile|irk|fret|exasperate|exacerbate|acerbate,súlyosbít|elmérgesít
484,aggravated,ˈagrəˌvātid,verb,súlyosbít,annoy|vex|aggravate|rile|irk|fret|exasperate|exacerbate|aggravate|acerbate|aggravate,bosszant|elmérgesít
485,aggravating,,adjective,súlyosbító,annoying|vexing|galling|vexatious|exasperating,bosszantó
486,aggravation,ˌagrəˈvāSHən,noun,súlyosbodás,exasperation,súlyosbítás|felbosszantás
487,aggregate,,adjective,adalékanyag,all|total|group,összes|csoportos
488,aggression,əˈgreSHən,noun,agresszió,attack|offensive|assault|raid|onslaught|aggressiveness,támadás|erőszakosság
489,aggressive,əˈgresiv,adjective,agresszív,assailant|offensive|attacking|invasive|energetic|forceful|peppy|up-and-coming|red-blooded,támadó|energikus
490,aggressiveness,,noun,erőszakosság,aggression,
491,aggressor,əˈgresər,noun,agresszor,assaulter|assailant|attacker|raider|invader|assaulter,támadó
492,aggrieved,əˈgrēvd,verb,sértett,annoy|vex|aggravate|rile|irk|fret|aggrieve,"bosszant|jogaiban sért"
493,aghast,əˈgast,adjective,megdöbbent,thunderstruck|scared|panic-stricken,megrémült
494,agile,ˈajəl,adjective,agilis,nimble|brisk|quick|deft|spry|fast|quick|rapid|swift|prompt,fürge|gyors
495,agility,,noun,agilitás,speed|rapidity|promptness|fastness|quickness,gyorsaság
496,aging,ˈājiNG,noun,öregedés,ageing,
497,agita,,,turmixok,,
498,agitate,ˈajiˌtāt,verb,megmozgat,,"agitál|nyugtalanságot szít"
499,agitated,ˈajiˌtātid,adjective,izgatott,,felzavart
500,agitating,,verb,rázás,agitate|agitate|agitate,"agitál|megmozgat|nyugtalanságot szít"
501,agitation,ˌajiˈtāSHən,noun,agitáció,move|movement|motion|locomotion|stir,mozgás
502,agitator,ˈajiˌtātər,noun,agitátor,,lázító
503,aglow,əˈglō,adjective,sugárzó,radiant|irradiant|flaming|blazing|ablaze|flamy|flaring,lángoló
504,ago,əˈgō,adverb,ezelőtt,,előtt
505,agog,əˈgäg,adjective,izgatott,excited|hectic|jumpy|ablaze|flurried|longing|wistful|wishful|thirsty,vágyakozó
506,agonistic,ˌagəˈnistik,adjective,agonista,excessive|exaggerated|exorbitant|hyperbolic|exaggerative,atlétai|túlzó
507,agonize,ˈagəˌnīz,verb,kínoz,torture|torment|afflict|rack|tease|writhe,gyötrődik
508,agonized,ˈagəˌnīzd,verb,kétségbeesett,torture|torment|agonize|afflict|rack|tease|agonize|writhe,kínoz|gyötrődik
509,agonizing,ˈagəˌnīziNG,adjective,kínzó,excruciating|obsessive|racking|tearing|excessive,agonizáló
510,agonizingly,,,gyötrelmesen,,
511,agony,ˈagənē,noun,gyötrelem,"tribulation|pang|dying|death struggle|death agony",gyötrődés|haláltusa
512,agrarian,əˈgre(ə)rēən,adjective,mezőgazdasági,agricultural|agronomic|agronomical,
513,agree,əˈgrē,verb,egyetért,"go along with|say the word|concur|consent|acquiesce|clinch|concur|come to an agreement|compound|comport",beleegyezik|megegyezik
514,"agree on",,,megállapodni,,
515,"agree with",,,Egyetértek,,
516,agreeability,,,Együttműködőkészség,,
517,agreeable,əˈgrēəbəl,adjective,kellemes,pleasant|pleasing|comfortable|pleasurable|enjoyable,
518,agreeableness,,,barátságosság,,
519,agreeably,,adverb,kellemesen,pleasantly|well|gratefully,
520,agreement,əˈgrēmənt,noun,megegyezés,understanding|treaty|pact|compact|covenant|contract|treaty|pact|charter|indent|treaty|pact|protocol|contract|arrangement|consensus|consistency|coincidence|congruence|concord|concert|harmony|rapport|accord|settlement|deal,megállapodás|szerződés|egyezmény|egyetértés|egyezség
521,agricultural,ˌagriˈkəlCHərəl,adjective,mezőgazdasági,agrarian|agronomic|agronomical,
522,agriculturalist,,,növénynemesítő,,
523,agriculture,ˈagriˌkəlCHər,noun,mezőgazdaság,husbandry,
524,agriculturist,,noun,agronómus,agronomist,
525,agronomist,,noun,agronómus,agriculturist,
526,aground,əˈground,adverb,zátonyon,,"megfenekletten|partra futva"
527,ahead,əˈhed,adverb,előre,"forward|in advance|front|forth|fore|in front|frontwards",elöl
528,"ahead of",,,előtt,,
529,aid,ād,noun,támogatás,"support|assistance|promotion|subsidization|help|benefit|support|subsidy|redress|cost-of-living allowance|help|assistance|support|relief|succor",segély|segítség|segédeszköz
530,aide,ād,noun,segédtiszt,"counselor|adviser|mentor|adjutant|aide-de-camp|military assistant|personnel adjutant",tanácsadó
531,ail,āl,verb,gyengélkedik,"grieve|offend|maltreat|be on the sick list",bánt|betegeskedik
532,ailing,ˈāliNG,adjective,gyengélkedő,indisposed|valetudinarian|valetudinary,betegeskedő
533,ailment,ˈālmənt,noun,betegség,disease|sickness|illness|malady|ail|malaise|indisposition|valetudinarianism,gyengélkedés
534,aim,ām,noun,cél,goal|target|destination|purpose|object|hint|allusion|aiming|cue|inkling,célzás
535,aimless,ˈāmlis,adjective,céltalan,purposeless|meaningless|objectless|otiose,
536,aimlessly,,,céltalanul,,
537,air,e(ə)r,noun,levegő,,
538,airdrome,ˈe(ə)rˌdrōm,noun,repülőtér,airport|aerodrome|airfield|drome,
539,airfield,ˈe(ə)rˌfēld,noun,repülőtér,airport|aerodrome|drome|airdrome,
540,airhead,ˈe(ə)rˌhed,noun,"légi hídfő",,
541,airheaded,,,airheaded,,
542,airily,ˈe(ə)rəlē,adverb,felszabadultan,,
543,airman,ˈe(ə)rmən,noun,pilóta,"pilot|aviator|flying man|aircraftman|Airedale|private first class|private|lance-corporal|junior technician|leading aircraftman|plane|airplane|flier|flyer|aircraftman","őrvezető|repülő|légierő altisztje"
544,airplane,ˈe(ə)rˌplān,noun,repülőgép,aircraft|plane|aerocarrier|aeroplane|plane|flier|flyer|airman|aircraftman|aircraft|aeroplane,"repülő|légi jármű"
545,airport,ˈe(ə)rˌpôrt,noun,repülőtér,aerodrome|airfield|drome|airdrome,
546,airy,ˈe(ə)rē,adjective,levegős,graceful|facile|jaunty|tripping|lightsome,könnyed
547,akin,əˈkin,adjective,hasonló,similar|like|comparable|such|analogous|kin|kindred|affined|agnate,rokon|vérrokon
548,alacritous,,,alacritous,,
549,alacrity,əˈlakritē,noun,vidámság,cheerfulness|gaiety|glee|frolic|hilarity|nimbleness|swiftness|deftness,fürgeség
550,alarm,əˈlärm,noun,riasztás,"alert to|alert|alert to|fright|shy|affright|tocsin","riadó|ijedtség|vészcsengő|riadóztat|riadót rendel el"
551,alarmed,,verb,riasztónak,"alarm|alert|sound an alarm|scare|horrify|terrify|dismay|appall|alarm",riaszt|megrémít
552,alarming,əˈlärmiNG,verb,riasztó,"alarm|alert|sound an alarm|scare|horrify|terrify|dismay|appall|alarm",riaszt|megrémít
553,alarum,,,fesztávolságú,,
554,"alarums and excursions",,,"riasztások és kirándulások",,
555,albeit,"al-,ôlˈbē-it",conjunction,habár,although|though|whereas,
556,album,ˈalbəm,noun,album,"scrap book",emlékkönyv
557,alchemize,,,alkímiailag,,
558,alcohol,"-ˌhäl,ˈalkəˌhôl",noun,alkohol,,
559,alcoholic,"-ˈhäl-,ˌalkəˈhôlik",adjective,"alkohol függő",,alkoholos
560,alcoholism,"-hä-,ˈalkəhôˌlizəm",noun,alkoholizmus,,
561,alcove,ˈalˌkōv,noun,alkóv,cubicle,hálófülke
562,alert,əˈlərt,adjective,éber,vigilant|awake|watchful|wakeful|unsleeping|careful|cautious|conservative|wary|prudent,óvatos
563,alertness,əˈlərtnis,noun,éberség,wakefulness|vigilance|watchfulness|standby|readiness|preparedness|alert,elővigyázatosság|készenlét
564,alfresco,,adverb,"szabad levegőn",,
565,algid,,adjective,hideg,cold|chill|chilled|icy,
566,alias,ˈālēəs,noun,álnév,"incognito|pseudonym|pen name|nom de plume",
567,alibi,ˈaləˌbī,noun,alibi,excuse|objection|plea|exception|censure,kifogás
568,alien,"ˈālyən,ˈālēən",adjective,idegen,foreign|strange|extraneous|foreign|overseas|oversea|peregrine,külföldi
569,alienate,"ˈālyə-,ˈālēəˌnāt",verb,elidegenít,estrange,
570,alienation,"ˌālyə-,ˌālēəˈnāSHən",noun,elidegenítés,estrangement,
571,alight,əˈlīt,verb,kiszáll,"get off|land|descend|down|land|get off|fly down",leszáll
572,alike,əˈlīk,adjective,hasonló,"similar|like|comparable|such|analogous|all the same|uniform|much of a muchness|like|same kind",egyforma|ugyanolyan
573,alikeness,aalikeness,,Alikeness,,
574,aliment,,,élelmiszer,,
575,a-list,,,"egy listát",,
576,alive,əˈlīv,adjective,élő,"live|living|animate|breathing|living|lively|vivid|animated|live|lively|vivid|vigorous|brisk|animated|full of life|animate","eleven|élénk|élettel teli"
577,all,ôl,adjective,minden,total|aggregate|every|each|whole|entire|complete|integrate|livelong,összes|egész
578,"all around",,adjective,mindenfelé,,
579,"all but",,adverb,"mind de","almost|nearly|near|nigh|within an inch|almost|nearly",majdnem|csaknem
580,"all in",,adjective,"mindent bele",exhausted|spent|weary|done|overwrought,kimerült
581,"all of",,,"az összes",,
582,"all out",,adverb,"minden ki",amain,"teljes erővel"
583,"all over",,,mindenhol,,
584,"all right",,,rendben,,
585,"all told",,,"mindent elmondtak",,
586,allah,,,Isten,,
587,all-around,,adjective,mindenfelé,"all around",
588,allay,əˈlā,verb,enyhít,relieve|alleviate|soothe|ease|mitigate|pacify|quieten|becalm|hush|lull,lecsendesít
589,allege,,,"azt állítja,",,
590,allegiance,əˈlējəns,noun,hűség,loyalty|fidelity|adherence|troth,
591,allegory,ˈaləˌgôrē,noun,allegória,parable|exemplification|symbol|emblem|badge,példázat|jelkép
592,all-embracing,,adjective,"mindent átfogó",,
593,allergic,əˈlərjik,adjective,allergiás,,
594,allergy,ˈalərjē,noun,allergia,,
595,alleviate,əˈlēvēˌāt,verb,enyhít,relieve|soothe|ease|mitigate|extenuate|decrease|reduce|diminish|lower|cut,csökkent
596,alleviation,,noun,enyhítés,mitigation|easement|palliation,
597,alliance,əˈlīəns,noun,szövetség,covenant|guild|association|league|society,
598,allied,"əˈlīd,ˈalˌīd",adjective,szövetséges,federal|federate|confederate|federal|federative|combined|joint|corporate|united|integrated,szövetségi|egyesített
599,all-important,,adjective,"mindennél fontosabb",vital|fateful,"életbe vágó"
600,all-inclusive,,,"minden költséget magába foglaló",,
601,allocate,ˈaləˌkāt,verb,osztja,"impart|apportion|issue|deal out|hand out|give out|allot|dispense|put off|set aside|set by|set apart|put aside|transfer|locate","juttat|kiutal|kioszt|félretesz|helyet juttat|átutal|helyet megállapít"
602,allocation,ˌaləˈkāSHən,noun,kiosztás,allotment|handout|distribution|division|spacing|dispersion|benefit|allowance|assignment|placement|location|putting|housing|siting|break-up|distribution|decentralization|disposition|transfer|remittance|subordination|subjugation|attachment,elosztás|juttatás|elhelyezés|szétosztás|átutalás|alárendelés
603,allot,əˈlät,verb,kioszt,"deal out|hand out|allocate|give out|dispense|commit|confide|consign|commend|leave|designate|appoint|assign|mark off|mark out",rábíz|kijelöl
604,allotment,əˈlätmənt,noun,kiosztás,site|lot|plot|ground|realty|allocation|handout|reattachment|attachment,telek|osztályrész|átalárendelés
605,all-out,,adverb,all-out,"amain|all out","teljes erővel"
606,allow,əˈlou,verb,"lehetővé teszi",let|relent|lengthen|authorize|permit|grant|charter|countenance|permit|vouchsafe|let|leave,enged|engedélyez|megenged|hagy
607,"allow for",,,"lehetővé teszik a",,
608,"allow of",,,engedélyezze,,
609,allowable,əˈlouəbəl,adjective,megengedhető,permissible|admissible,
610,allowance,əˈlou-əns,noun,juttatás,benefit|allocation|assignment|bonus|ersatz|complement|annuity|fee|charge|award|price|prize|pay|salary|pay|stipend,pótlék|járadék|díj|járandóság|illetmény|megengedés|javadalmazás
611,alloy,,noun,ötvözet,amalgam|molding|casting|cast|ingot|moulding|mix|mixture|blend|compound|admixture,öntvény|keverék
612,alloyed,,adjective,"ötvözött fém",,
613,all-powerful,,adjective,mindenható,almighty|omnipotent,
614,all-purpose,,adjective,"minden célra",multipurpose|multipurpose|multi-role|multipurpose|multiple,univerzális|többcélú|többrendeltetésű
615,all-round,,adjective,mindenhol,versatile|many-sided|comprehensive|overall|broad|intensive|concentric|cyclic,sokoldalú|átfogó|körkörös
616,allude,əˈlo͞od,verb,utal,"refer|imply|hint|advert|aim|aim at|hint",céloz
617,allure,əˈlo͝or,verb,csábít,"attract|tempt|lure|entice|wile|hold out",kecsegtet
618,allurement,,noun,vonzás,,
619,alluring,əˈlo͝oriNG,adjective,csábító,tempting|seductive|enticing|inviting,csábos
620,alluvion,əˈlo͞ovēən,noun,hordalék,alluvium|offal,
621,ally,,noun,szövetséges,confederate|satellite|myrmidon|outrider,csatlós
622,almighty,ôlˈmītē,adjective,mindenható,omnipotent|all-powerful,
623,almost,"ôlˈmōst,ˈôlˌmōst",adverb,majdnem,"nearly|near|nigh|all but|within an inch|nearly|all but",csaknem
624,alms,ä(l)mz,noun,alamizsna,pittance|dole|benefit,jótétemény
625,almsgiving,ä(l)mzˈgiviNG,,alamizsna,,
626,aloft,əˈlôft,adverb,magasban,up,"fenn|fel|árbocon|fent a magasban"
627,alone,əˈlōn,adjective,egyedül,unique|single|singular|unmatched|lone,kizárólag|egyedülálló
628,aloneness,,,egyedüllét,,
629,along,"əˈläNG,əˈlôNG",preposition,mentén,next|near|by|beside|past,mellett
630,alongshore,"əˈläNG-,əˌlôNGˈSHôr",adverb,"part mentén",,
631,aloof,əˈlo͞of,adjective,tartózkodó,resident|reserved|reticent|irresponsive|offish,
632,aloud,əˈloud,adverb,hangosan,"loud|loudly|in a loud voice",fennhangon
633,alp,alp,noun,"havasi levegő",,
634,alpha,ˈalfə,,alfa,,
635,alphabet,"-bit,ˈalfəˌbet",noun,ábécé,ABC|ABC|ABC|ABC,"ABC|közért|alapfokú ismeretek"
636,"alphabet soup",,,betűleves,,
637,already,ôlˈredē,adverb,már,yet,immáron
638,alright,,adverb,rendben,,"rendben van"
639,also,ˈôlsō,adverb,is,"too|as well|as well|eke|likewise",szintén|ugyanúgy
640,alter,ˈôltər,verb,változtat,"change|vary|modify|modulate|change|revise|work over",változik|átdolgoz
641,"alter ego",,,"Én vagyok a második",,
642,alterable,,adjective,változtatható,changeable|variable|mutable|unsteady|inconstant,változékony
643,alteration,ˌôltəˈrāSHən,noun,módosítás,amendment|modification|change|mutation|chop|metamorphosis,változás|átalakulás
644,altercate,ˈôltərˌkāt,verb,veszekszik,quarrel|bicker,
645,altercation,ˌôltərˈkāSHən,noun,veszekedés,quarrel|brawl|tiff|blow-up,
646,alternative,ôlˈtərnətiv,adjective,alternatív,modificatory,vagylagos|módosító
647,altho,,,altho,,
648,although,ôlˈT͟Hō,conjunction,habár,"though|whilst|with|though|for all that|tho'|notwithstanding|though|whereas|albeit",bár|noha|jóllehet
649,altiplano,altiˈplänō,,altiplano,,
650,altitude,ˈaltiˌt(y)o͞od,noun,magasság,"height|elevation|depth|tallness|highness|elevation|height|high ground|eminence|hill|hummock","tengerszint feletti magasság|magaslat"
651,altitudinous,,,altitudinous,,
652,altogether,ˌôltəˈgeT͟Hər,adverb,teljesen,"completely|fully|full|totally|entirely|together|by and large","együtt|egészében véve"
653,altruistic,ˌaltro͞oˈistik,adjective,önzetlen,selfless|unselfish|disinterested|magnanimous,
654,always,"-wēz,ˈôlˌwāz",adverb,mindig,"ever|all the time|evermore|forever|for ever|eternally|evermore|ever after",örökké
655,amain,,adverb,"teljes erővel","all out",sebesen
656,amalgam,əˈmalgəm,noun,amalgám,alloy|mix|mixture|blend|compound|admixture,ötvözet|keverék
657,amalgamate,əˈmalgəˌmāt,adjective,foncsorozott,,
658,amalgamated,,adjective,összeolvadnak,mongrel,keverék
659,amalgamation,əˌmalgəˈmāSHən,noun,keveredés,melange|promiscuity|mix-up|unification|union|fusion|integration|joinder,egyesítés
660,amanuensis,əˌmanyo͞oˈensis,noun,írnok,scribe|clerk|scrivener|writer,
661,amass,əˈmas,verb,felhalmoz,"hoard|clump|accumulate|pile up|heap up|pile up|accumulate|round up|assemble|hive|mass|rally|come together",összegyűjt|összevon
662,amateur,"-CHər,-ˌCHo͝or,-ˌtər,ˈamətər",adjective,amatőr,dilettante,műkedvelő
663,amateurish,"-ˈCHo͝or-,-ˈt(y)o͝or-,ˌaməˈtəriSH",adjective,szakszerűtlen,unworkmanlike|inefficient,kontár
664,amateurishness,,,amateurishness,,
665,amateurism,,noun,szakszerűtlenség,,műkedvelés
666,amatory,ˈaməˌtôrē,adjective,szerelmes,"in love|enamored|enamoured|amorous|sensual|sensory|sensuous|amorous|carnal",szerelmi|érzéki
667,amaze,əˈmāz,verb,meghökkent,"bowl over|perplex|nonplus|astound|flummox|surprise|maze",meglep
668,amazed,,verb,meghökkent,"amaze|bowl over|perplex|nonplus|astound|flummox|surprise|amaze|maze",meglep
669,amazement,əˈmāzmənt,noun,ámulat,,elcsodálkozás
670,amazing,əˈmāziNG,adjective,elképesztő,stupendous|exorbitant|hair-raising|marvelous|prodigious|surprising|marvellous|surprising|striking|wondrous,bámulatos|meglepő
671,ambassador,"-ˌdôr,amˈbasədər",noun,nagykövet,messenger|herald|missive|forerunner|pursuivant,hírnök
672,ambiance,,,hangulatot,,
673,ambience,ˈambēəns,noun,környezet,environment|milieu|entourage|atmosphere|environment|sky,légkör
674,ambient,ˈambēənt,adjective,környező,surrounding|circumambient,
675,ambiguity,ˌambiˈgyo͞o-itē,noun,kétértelműség,amphibology|opacity|tarnish|duskiness|turbidity,homályosság
676,ambiguous,amˈbigyo͞oəs,adjective,kétértelmű,equivocal|ambivalent|oracular|double-meaning|two-sided|turbid|confused|troubled|chaotic|muddy,zavaros
677,ambiguousness,,,ambiguousness,,
678,ambit,ˈambit,noun,környék,surroundings|region|vicinity|environs|district,
679,ambition,amˈbiSHən,noun,nagyravágyás,ambitiousness|pretension|ambitiousness,becsvágy
680,ambitious,amˈbiSHəs,adjective,becsvágyó,aspiring,törekvő
681,ambitiousness,,noun,nagyravágyás,ambition|pretension|ambition,becsvágy
682,ambivalent,amˈbivələnt,adjective,ambivalens,ambiguous|equivocal|oracular|double-meaning|two-sided,kétértelmű
683,amble,ˈambəl,verb,poroszkál,,baktat
684,ambler,,noun,poroszka,jennet,
685,ambrosial,,,ambrosial,,
686,ambulant,,,járóbeteg,,
687,ambulate,ˈambyəˌlāt,,ambulate,,
688,ambulatory,ˈambyələˌtôrē,adjective,mozgó,moving|mobile|live,járó
689,ambuscade,"ˈambəˌskād,ˌambəˈskād",noun,leshely,"ambush|hide|ambush|offside|position of surveillance",lesállás
690,ambush,ˈamˌbo͝oSH,noun,csapda,"trap|snare|pitfall|decoy|track|hide|ambuscade|offside|ambuscade|position of surveillance",leshely|lesállás
691,ambushment,,,ambushment,,
692,ameliorate,"əˈmēlyəˌrāt,əˈmēlēə-",verb,fejleszt,"improve|get better|change for the better|develop|generate|give off",javul
693,amenability,,noun,engedelmesség,obedience|submissiveness|duty|responsibility|liability|onus|trust,felelősség
694,amenable,"əˈmen-,əˈmēnəbəl",adjective,irányítható,dirigible|guided|accountable|justiciable|answerable,"felelősségre vonható"
695,amend,əˈmend,verb,módosítására,"modify|modulate|vary|qualify|repair|correct|fix|mend|beef up|complete|complement|supplement|integrate|eke out",módosít|javít|kiegészít
696,amendatory,,,amendatory,,
697,amendment,əˈmen(d)mənt,noun,módosítás,modification|alteration|repair|correction|reparation|improvement|maintenance,javítás
698,amenity,"əˈmenitē,əˈmē-",noun,Szolgáltatás,pleasantness|kindness|loveliness|niceness|gentleness|prettiness,kellemesség|kedvesség
699,amiability,ˌāmēəˈbilitē,noun,szeretetreméltóság,loveliness|agreement|concord|concert|harmony|rapport,egyetértés
700,amiable,ˈāmēəbəl,adjective,kedves,dear|kind|nice|lovely|sweet|lovable|likeable|loveworthy,"szeretetre méltó"
701,amiableness,,,amiableness,,
702,amicable,ˈamikəbəl,adjective,baráti,friendly|informal|friendly|sociable|affable|snug|neighborly,barátságos
703,amid,əˈmid,preposition,között,between|among|amongst|amidst|amidst|between|among|amongst|amidst,közepén|közé
704,amidst,,preposition,között,between|among|amongst|amid|amid|between|among|amongst|amid,közepén|közé
705,amigo,,,barát,,
706,amiss,əˈmis,adverb,rosszul,"badly|poorly|sick|ill|in a bad way",rosszkor
707,amity,ˈamitē,noun,egyetértés,agreement|concord|concert|harmony|rapport|goodwill|benevolence|friendliness,jóakarat
708,ammunition,ˌamyəˈniSHən,noun,lőszer,ammo|munitions|ordnance|munition|round|ammo|munitions|bullet|projectile|missile|round|munition|shot|shooting|shoot|round|gunning,muníció|lövedék|lőszerkészlet|lövés
709,amnesty,ˈamnistē,noun,amnesztia,grace|mercy|clemency|lenity,kegyelem
710,amok,"əˈmäk,əˈmək",adjective,ámokfutó,amuck,
711,among,əˈməNG,preposition,között,between|amongst|amidst|amid|between|amongst|amid|amidst,közé
712,amongst,,preposition,között,between|among|amidst|amid|between|among|amid|amidst,közé
713,amorous,ˈamərəs,adjective,érzéki,sensual|sensory|sensuous|carnal|erotic|amatory,szerelmi
714,amorphous,əˈmôrfəs,adjective,amorf,,formátlan
715,amount,əˈmount,noun,összeg,sum|aggregate|quantity|magnitude|quantum|content|substance|purport|intension,mennyiség|tartalom
716,"amount to",,verb,összege,"add up to|put out|expose|display|set out","kitesz|felér vmivel"
717,amour,,,szerelem,,
718,"amour propre",,,"saját szerelmi",,
719,"amp up",,,amp,,
720,amphitheater,ˈamfəˌTHēətər,noun,amfiteátrum,coliseum,
721,ample,ˈampəl,adjective,bőséges,copious|plenty|abundant|plentiful|profuse|powerful|huge|mighty|enormous|vast,hatalmas
722,amplify,ˈampləˌfī,verb,erősít,strengthen|confirm|intensify|affirm|assert|extend|expand|subtend|escalate|enlarge,kiterjeszt
723,amplitude,ˈampliˌt(y)o͞od,noun,amplitúdó,abundance|plenty|affluence|width|exuberance|riches|richness|opulence|exuberance|profusion,bőség|gazdagság
724,amply,,adverb,bőségesen,aplenty,
725,amuck,,noun,ámokfutás,amok,
726,amulet,ˈamyəlit,noun,amulett,periapt,
727,amuse,əˈmyo͞oz,verb,szórakoztat,entertain,mulattat
728,amusement,əˈmyo͞ozmənt,noun,szórakoztatás,enjoyment|pleasure|treat|delight|joy,élvezet
729,amusing,əˈmyo͞oziNG,adjective,szórakoztató,entertaining|diverting|funny|humorous|side-splitting|facetious|enjoyable|delectable|delightsome,mulatságos|élvezetes
730,analgesic,"-sik,ˌanlˈjēzik",adjective,fájdalomcsillapító,anodyne|paregoric|pain-killing|painless|acheless,fájdalommentes
731,analogize,əˈnaləˌjīz,,analogize,,
732,analogous,əˈnaləgəs,adjective,hasonló,"similar|like|comparable|such|corresponding|consistent with|concurrent|congruent|consonant|congruous|corresponding|consentaneous|congenial",megegyező|egyező
733,analphabetic,,,analphabetic,,
734,analysis,əˈnaləsis,noun,elemzés,interpretation|assaying|test,analízis|teszt
735,analytic,ˌanlˈitik,adjective,analitikus,,elemző
736,analytical,ˌanlˈitikəl,,analitikai,,
737,analyze,ˈanlˌīz,verb,elemez,parse|dissect|construe|assay|analyse|analyse,analizál
738,anamnesis,ˌanəmˈnēsis,noun,emlékezőképesség,,
739,anarchic,aˈnärkik,adjective,anarchisztikus,anarchical|subversive|anarchical|anarchical|antipodal|helter-skelter,felforgató|zűrzavaros
740,anarchical,,adjective,anarchisztikus,anarchic|anarchic|antipodal|helter-skelter|subversive|anarchic,zűrzavaros|felforgató
741,anarchy,ˈanərkē,noun,anarchia,,
742,anathema,əˈnaTHəmə,noun,átok,curse|damn|malediction|cuss|malison|ban,kiátkozás
743,anathematize,əˈnaTHəməˌtīz,verb,kiátkoz,excommunicate,"egyházi átokkal sújt"
744,anatomize,əˈnatəˌmīz,verb,felboncol,dissect,boncol
745,anatomizing,əˈnatəˌmīz,verb,anatomizing,dissect|anatomize|anatomize,felboncol|boncol
746,anatomy,əˈnatəmē,noun,anatómia,,bonctan
747,ancestor,ˈanˌsestər,noun,ős,progenitor|forebear|forbear|grandsire|predecessor|progenitor|forefather,előd
748,ancestry,ˈanˌsestrē,noun,származás,origin|origins|provenance|pedigree|descent,
749,anchor,ˈaNGkər,noun,horgony,grappling-iron|hermit|recluse|solitary|anchorite|eremite,vasmacska|remete|aknahorgony
750,anchorage,ˈaNGk(ə)rij,noun,rögzítés,fixing|fixation|fastening|locking|lashing|hermitage,horgonyzóhely|remetelak
751,anchorite,ˈaNGkəˌrīt,noun,remete,hermit|recluse|solitary|eremite|anchor,
752,anchorperson,ˈaNGkərˌpərsən,,műsorvezető,,
753,ancient,ˈānCHənt,adjective,ősi,"ancestral|pristine|primeval|primordial|primitive|old-world|old|past|of old|pristine|bygone",ókori|régi
754,ancientness,,,ancientness,,
755,androgynous,anˈdräjənəs,adjective,kétnemű,hermaphrodite|epicene,
756,anecdote,ˈanikˌdōt,noun,anekdota,,
757,anesthetic,ˌanəsˈTHetik,adjective,érzéstelenítő,anaesthetic|insensate|anaesthetic,érzéstelen
758,anew,əˈn(y)o͞o,adverb,újra,"again|newly|afresh|repeatedly|over and over","ismételten|még egyszer"
759,angel,ˈānjəl,noun,angyal,,
760,anger,ˈaNGgər,noun,harag,wrath|rage|fury|ire|dander|fury|wrath|ire|heat,düh
761,angered,,verb,feldühítette,irritate|infuriate|anger|anger|infuriate,"felbosszant|dühbe hoz"
762,angle,ˈaNGgəl,noun,szög,"point of view|viewpoint|standpoint|regard",szempont
763,angling,ˈaNGg(ə)liNG,verb,horgászat,"hijack|distract|divert|head off|angle|bias|angle","eltérít|szögbe beállít"
764,angriness,,,angriness,,
765,angry,ˈaNGgrē,adjective,mérges,furious|upset|irate|wroth|waxy|furious|wrathful|irate|fretful|wroth|annoyed|resentful|fretful|pettish,dühös|haragos|bosszús
766,anguish,ˈaNGgwiSH,noun,kín,torment|misery,
767,anguished,ˈaNGgwiSHt,,elkínzott,,
768,animal,ˈanəməl,adjective,állat,beastly|crack-a-jack,állati|állat-
769,"animal magnetism",,,"állati mágnesesség",,
770,animalism,ˈanəməˌlizəm,noun,érzékiség,sensuality|sensuousness|carnality|eroticism|salacity,"ösztönös megnyilvánulások"
771,animalistic,,,állatias,,
772,animality,ˌanəˈmalitē,,animális,,
773,animalize,,,animalize,,
774,animate,,adjective,élő,"live|living|alive|breathing|alive|full of life","élettel teli"
775,animated,ˈanəˌmātid,adjective,élénk,lively|vivid|vigorous|brisk|active|living|lively|vivid|alive|live,eleven
776,animatedly,,,élénken,,
777,animately,,,animately,,
778,animation,ˌanəˈmāSHən,noun,élénkség,liveliness|vivacity|friskiness|quickness|mercuriality,"életre keltés"
779,animosity,ˌanəˈmäsitē,noun,ellenségeskedés,"hostility|enmity|feud|hostility|ill will|malevolence|malice|viciousness",rosszindulat
780,animus,ˈanəməs,noun,szándék,intention|intent|purpose|will|objective,"ellenséges indulat"
781,annalist,ˈanl-ist,noun,évkönyvíró,,
782,annals,ˈanlz,noun,évkönyv,yearbook|almanac|annual,
783,annex,,noun,melléklet,appendix|annexe|annexe,épületszárny
784,annihilate,əˈnī-əˌlāt,verb,megsemmisít,nullify|repeal|avoid|elide|efface,
785,annihilation,,noun,megsemmisítés,destruction|eradication|nullification|effacement,
786,annihilatory,,,annihilatory,,
787,announce,əˈnouns,verb,bejelent,"notify|usher in|annunciate|meld",bemond
788,announcement,əˈnounsmənt,noun,közlemény,message|statement|communique,
789,announcer,əˈnounsər,noun,bemondó,declarer|caller,
790,annoy,əˈnoi,verb,bosszant,vex|aggravate|rile|irk|fret|disturb|bother|interfere,zavar|feszélyez
791,annoyance,əˈnoi-əns,noun,bosszúság,chagrin|miff|anger|wrath|rage|fury|ire,harag
792,annoyed,,adjective,bosszús,resentful|angry|fretful|pettish|poisonous|wrathful,mérges
793,annoyer,,,annoyer,,
794,annoying,əˈnoi-iNG,adjective,bosszantó,vexing|galling|vexatious|exasperating|aggravating|embarrassing|bothering|irritating|incommodious,zavaró
795,annuity,əˈn(y)o͞oitē,noun,járadék,allowance,évjáradék
796,annul,əˈnəl,verb,semmisítse,invalidate|void|cancel|nullify|rescind|quash,"érvénytelenít|semmisnek nyilvánít|felbont szerződést"
797,annulment,əˈnəlmənt,noun,megsemmisítés,avoidance|vitiation|invalidation|abolishment|avoidance|reversal|rescission,"hatályon kívül helyezés|érvénytelenítés"
798,annunciate,,,Közlemények,,
799,anodyne,ˈanəˌdīn,adjective,fájdalomcsillapító,analgesic|paregoric|pain-killing,
800,anoint,əˈnoint,verb,bedörzsöl,"rub in|embrocate","felken személyt"
801,anomalous,əˈnämələs,adjective,rendellenes,abnormal|irregular|atypical|irregular|irregular|anomalistic,rendhagyó|szabálytalan
802,anomaly,əˈnäməlē,noun,anomália,abnormality|irregularity,rendellenesség
803,anon,əˈnän,adverb,mindjárt,"presently|soon|before long|odd-come-shortly",nemsokára
804,anonymity,ˌanəˈnimitē,noun,névtelenség,,
805,anonymous,əˈnänəməs,adjective,névtelen,nameless|authorless|unknown|unfamiliar|nameless|unbeknown|unacquainted,ismeretlen
806,another,əˈnəT͟Hər,adjective,"egy másik",other|further|additional,másik|további
807,answer,ˈansər,noun,válasz,response|reply|reaction|rejoinder|replication|reply|response,felelet
808,answerable,ˈansərəbəl,adjective,megválaszolható,accountable|justiciable|amenable,"felelősségre vonható"
809,antagonism,anˈtagəˌnizəm,noun,ellentét,contrary|contrast|antithesis|disagreement|foil|contradiction|caveat|repugnance|antilogy,ellentmondás
810,antagonist,anˈtagənist,noun,antagonista,opponent|adversary|foe|enemy|adversary|foe,ellenfél|ellenség
811,antagonistic,anˌtagəˈnistik,adjective,ellentétes,contrary|opposite|conflicting|contradictory|opposed,
812,antagonize,anˈtagəˌnīz,verb,antagonizálhatják,prevent|hamper|impede|interfere|obstruct,"akadályoz|szembeálló|ellenhatást fejt ki"
813,ante,,,előtt,,
814,"ante up","ante up",,"ante fel",,
815,antecede,,,felett,,
816,antecedent,ˌantəˈsēdnt,adjective,megelőző,prophylactic|preceding|preventive|preventative|foregoing|former|previous|preceding|anterior,előbbi
817,antecedently,,,antecedently,,
818,antedate,ˈantiˌdāt,noun,"korábbi keltezés",,
819,antediluvian,ˌantēdəˈlo͞ovēən,adjective,"özönvíz előtti",fogy|fogey,ósdi
820,anterior,anˈti(ə)rēər,adjective,előbbi,former|previous|preceding|antecedent|prophylactic|preceding|preventive|preventative|foregoing,megelőző
821,anteriorly,,adverb,előbb,before|previously|afore|previously|earlier|formerly|beforehand,korábban
822,anthem,ˈanTHəm,noun,Himnusz,,himnusz
823,anthologize,anˈTHäləˌjīz,,anthologize,,
824,anthology,anˈTHäləjē,noun,antológia,"collection of poetry",versgyűjtemény
825,anti,"ˈantē,ˈanˌtī",prefix,elleni,counter-|anti-,ellen-
826,antic,,,régi,,
827,anticipant,,,felkészülés,,
828,anticipate,anˈtisəˌpāt,verb,számít,calculate|reckon|sense|perceive|forebode|herald|foretoken|outmatch|foreshadow|imply|accelerate|hurry|bustle|urge|hasten|prevent|precede|overtake|forestall|forego|forecast|foresee|previse|envisage|premeditate,"megérez|előre jelez|elébe vág|sejtet|siettet|megelőz|előre lát|előre mérlegel|anticipál|előre megfontol|előre érez|előrebocsát|előbbre hoz|idő előtt megtesz|korábbra tesz"
829,anticipated,,verb,várható,calculate|anticipate|reckon|anticipate|sense|perceive|anticipate|forebode|herald|foretoken|anticipate|outmatch|foreshadow|imply|anticipate|accelerate|hurry|bustle|urge|hasten|expedite|prevent|precede|overtake|forestall|forego|anticipate|forecast|foresee|previse|envisage|anticipate|anticipate|anticipate|premeditate|anticipate|anticipate|anticipate|anticipate|anticipate|anticipate,"számít|megérez|előre jelez|elébe vág|sejtet|siettet|megelőz|előre lát|előre mérlegel|anticipál|előre megfontol|előre érez|előrebocsát|előbbre hoz|idő előtt megtesz|korábbra tesz"
830,anticipation,anˌtisəˈpāSHən,noun,előérzet,hunch|premonition|presentiment|aura|calculation|calculus|count,számítás
831,anticipatory,anˈtisəpəˌtôrē,adjective,előzetes,preliminary|prior|previous|preparatory|precursory|forehanded|forethoughtful|far-seeing|longsighted|prescient,előrelátó
832,antidote,ˈantiˌdōt,noun,ellenméreg,antitoxin,
833,antipathetic,anˌtipəˈTHetik,adjective,ellenszenves,obnoxious|disagreeable|antipathic|antipathetical|distinct|divergent|heterogeneous|antipathetical|antipathetical|ill-sorted,"elütő|össze nem illő"
834,antipathy,anˈtipəTHē,noun,ellenszenv,dislike|grudge|distaste|disinclination|scunner,
835,antipodal,anˈtipədl,adjective,ellenlábas,anarchic|anarchical|helter-skelter,zűrzavaros
836,antipode,ˈantiˌpōd,noun,ellenlábas,,
837,antipodean,,,antipodean,,
838,antiquated,ˈantiˌkwātid,adjective,elavult,obsolete|outdated|outworn|out-of-date|played-out|out-of-date|old-fashioned|dated|passe,régimódi
839,antique,anˈtēk,adjective,antik,ancient|ancestral|pristine|primeval|primordial,ősi
840,antiquity,anˈtikwitē,noun,antikvitás,,"ókori műalkotás"
841,antiseptic,ˌantiˈseptik,adjective,fertőtlenítő,disinfectant|germicidal,
842,antisocial,"ˌantēˈsōSHəl,ˌantī-",adjective,társadalomellenes,,
843,antithesis,anˈtiTHəsis,noun,ellentét,contrary|contrast|antagonism|disagreement|foil,szembenállás
844,antithetical,ˌantəˈTHetikəl,adjective,ellentétes,contrary|opposite|conflicting|contradictory|opposed|antithetic,"ellentétekben gazdag"
845,antre,,,belépés,,
846,antsy,ˈantsē,,ideges,,
847,anxiety,aNGˈzī-itē,noun,szorongás,distress|phobia|concern|worry|care|misgiving,aggodalom
848,anxious,ˈaNG(k)SHəs,adjective,aggódó,worried|concerned|uneasy|diligent|studious,igyekvő|sóvár
849,anxiousness,,,szorongás,,
850,any,ˈenē,pronoun,bármilyen,some|none|something|anything,semmi|valami
851,anyhow,ˈenēˌhou,adverb,akárhogy,"by all means|in any event|anyway|in any case|leastways|howsoever|someway|anywise","mindenesetre|akárhogyan is|valahogyan"
852,anymore,ˌenēˈmôr,,többé,,
853,anyway,ˈenēˌwā,adverb,"akárhogyan is","anyhow|by all means|in any event|in any case|leastways|in a way|aught|soever","különben is|mindenesetre|valahogy|bárhogyan"
854,anyways,ˈenēˌwāz,,egyébként,,
855,anywise,ˈenēˌwīz,adverb,valahogyan,anyhow|someway,bármiképp
856,a-ok,,,Egy-ok,,
857,apace,əˈpās,adverb,rohamosan,"fast|quickly|quick|speedily|in a hurry",gyorsan
858,apanage,,,apanázs,,
859,apart,əˈpärt,adverb,egymástól,separately|aside|out-of-the-way,külön|félre|széjjel
860,"apart from",,adverb,"attól eltekintve",,"valamitől eltekintve"
861,apartment,əˈpärtmənt,noun,lakás,flat|housing|habitation|residence|rooms|room|chamber,lakosztály|szoba
862,apathetic,ˌapəˈTHetik,adjective,fásult,insensitive|blase|apathetical|unconcerned|nonchalant|uninterested|stolid|phlegmatic|stolid|apathetical|phlegmatic|impassive,közönyös|egykedvű
863,apathy,ˈapəTHē,noun,fásultság,lethargy|insensitivity|insensibility|insensitivity|callousness|insusceptibility|impassibility,érzéketlenség
864,ape,āp,noun,"emberszabású majom",anthropoid|simian,"nagytestű farkatlan majom"
865,aper,apar,,további,,
866,aperiodic,ˌāpi(ə)rēˈädik,,aperiodikus,,
867,aperture,ˈapərˌCHər,noun,nyílás,opening|orifice|vent|hatch|gap|compartment|bay|diaphragm|bin|tray|gap|slot|slit|opening|rift,rekesz|rés
868,apex,ˈāpeks,noun,csúcs,peak|top|summit|vertex|tip,
869,aphorism,ˈafəˌrizəm,noun,aforizma,maxim|gnome|epigram,"velős mondás"
870,aphoristic,,adjective,aforizmás,,
871,aphrodisiac,"-ˈdēZHē-,-ˈdēzē-,ˌafrəˈdizēˌak",adjective,"nemi vágyat fokozó",,
872,aphrodisiacal,,,aphrodisiacal,,
873,apiece,əˈpēs,adverb,"egy darab","per capita|per head|piecemeal",fejenként|darabonként
874,apish,ˈāpiSH,adjective,majomszerű,monkeyish|simian|pithecoid|mimic|mimetic,majmoló
875,aplenty,əˈplentē,adverb,bőségesen,amply,
876,aplomb,"əˈpläm,əˈpləm",noun,higgadtság,serenity|composure|calmness|evenness|equilibrium,"biztos fellépés"
877,apocalypse,əˈpäkəˌlips,noun,Apokalipszis,Apocalypse,
878,apocalyptic,əˌpäkəˈliptik,,apokaliptikus,,
879,apocalyptical,,,apokaliptikus,,
880,apogee,ˈapəjē,noun,tetőpont,peak|height|climax|zenith|vertex,
881,apologetic,əˌpäləˈjetik,adjective,mentegetőző,apologetical|deprecatory|defensive|apologetical|excusatory|apologetical|palliative,védekező|mentegető
882,apologue,"-ˌläg,ˈapəˌlôg",,apologue,,
883,apology,əˈpäləjē,noun,bocsánatkérés,forgiveness|remission,bocsánat|mentegetődzés
884,apoplectic,ˌapəˈplektik,adjective,vérmes,plethoric|sanguineous,"gutaütésre hajlamos"
885,apostate,"-tit,əˈpäsˌtāt",adjective,hitehagyott,,
886,apostle,əˈpäsəl,noun,apostol,,
887,apothecary,əˈpäTHiˌkerē,noun,patikus,pharmacist|druggist|pharmacist|druggist|pharmacologist|dispenser,gyógyszerész
888,apothegm,apothégm,,apothegm,,
889,apothegmatic,apothégmatik,,apothegmatik,,
890,apotheosis,"əˌpäTHēˈōsis,ˌapəˈTHēəsis",noun,megdicsőülés,deification|transfiguration,
891,appal,Appāl,,túl,,
892,appall,əˈpôl,verb,megdöbbent,astonish|astound|dismay|dumbfound|flabbergast|scare|horrify|terrify|dismay|alarm,megrémít
893,appalling,əˈpôliNG,adjective,megdöbbentő,astonishing|shocking|appaling|frightening|creepy|startling|frightful|horrific,ijesztő
894,appanage,ˈapənij,noun,apanázs,apanage,
895,apparatus,"-ˈrātəs,ˌapəˈratəs",noun,berendezés,equipment|furnishing|furniture|installation|appliance|device|machine|appliance|gadget|gimmick|institution|establishment|institute,készülék|apparátus|intézmény
896,apparel,əˈparəl,noun,felszerelés,equipment|installation|gear|mounting|outfit,
897,apparent,"əˈparənt,əˈpe(ə)r-",adjective,látszólagos,"seeming|ostensible|obvious|evident|manifest|overt|patent|visible|in evidence|ocular",nyilvánvaló|látható
898,apparently,"əˈparəntlē,əˈpe(ə)r-",adverb,látszólag,"seemingly|ostensibly|quasi|on the surface|obviously|evidently|naturally","nyilvánvalóan|kézzel foghatóan"
899,apparition,ˌapəˈriSHən,noun,jelenés,ghost|spook|specter|bogey|phantom,kísértet
900,appeal,əˈpēl,noun,fellebbezés,call|attractiveness|attraction|request|petition|intercession|attraction|charisma,felhívás|vonzerő|kérés|varázs
901,"appeal to",,verb,fellebbezni,"turn to|have recourse to","fordul valakihez"
902,appealing,əˈpēliNG,adjective,tetszetős,touching|moving,megható
903,appear,əˈpi(ə)r,verb,megjelenik,"be published|turn up|turn out|seem|show up|turn up",látszik|feltűnik
904,appearance,əˈpi(ə)rəns,noun,megjelenés,,"külső megjelenés"
905,appease,əˈpēz,verb,kielégít,"reconcile|tranquillize|quell|calm down|hush|satisfy|satiate|sate|gratify|slake",lecsillapít
906,appeasing,,verb,nyugtató,"appease|reconcile|tranquillize|quell|calm down|hush|satisfy|satiate|sate|gratify|slake|appease",lecsillapít|kielégít
907,appellation,"äpeläˈsyôN,ˌapəˈlāSHən",noun,megnevezés,denomination|name,elnevezés
908,appellative,əˈpelətiv,adjective,köznévi,,
909,append,əˈpend,verb,mellékel,enclose|inclose|subjoin|subjoin,hozzáfűz
910,appendage,əˈpendij,noun,függelék,appendix|addendum|rider,
911,appendix,əˈpendiks,noun,függelék,addendum|appendage|rider|annex|annexe|caecum,melléklet|vakbél
912,appertain,ˌapərˈtān,,hozzátartozik,,
913,appetency,,,sóvárgás,,
914,appetite,ˈapiˌtīt,noun,étvágy,relish,
915,appetizing,ˈapiˌtīziNG,adjective,étvágygerjesztő,,
916,applaud,əˈplôd,verb,tapsol,"clap|clap one's hands","tapsot kap"
917,applaudable,,,applaudable,,
918,applauding,,verb,tapsoltak,"applaud|clap|clap one's hands|applaud","tapsol|tapsot kap"
919,applause,əˈplôz,noun,taps,clap|plaudits|approval|suffrage|acclamation,helyeslés
920,apple-polish,,,apple-lengyel,,
921,apple-polisher,,,apple-polírozó,,
922,appliance,əˈplīəns,noun,készülék,device|machine|apparatus|gadget|gimmick|equipment|apparatus|furnishing|furniture|installation,berendezés
923,applicability,,,alkalmazhatóság,,
924,applicable,"əˈplik-,ˈaplikəbəl",adjective,alkalmazható,adaptable|employable|appropriate|corresponding|right|adequate|suitable|suitable|appropriate|capable|convenient|competent,megfelelő|alkalmas|ráilleszthető|rátehető
925,applicant,ˈaplikənt,noun,pályázó,competitor|aspirant|postulant|candidate|nominee,jelölt
926,application,ˌapliˈkāSHən,noun,Alkalmazás,use|employment|adaptation|employ|hiring|consumption|utilization|expenditure|reclamation|exercise|use|usage|tenure|exertion|report|meaning|significance|import|dispatch|deployment|mission|action|sortie|commitment,alkalmazás|felhasználás|használat|alkalmazhatóság|jelentés|bevetés
927,applicative,"əˈplikə-,ˈapliˌkātiv",,alkalmazó,,
928,applied,əˈplīd,adjective,alkalmazott,hired,
929,applier,,,applikátor,,
930,apply,əˈplī,verb,alkalmaz,"use|employ|hire|administer|ply|sow|plant|put under|use|utilize|use up|expend|trade in",ráilleszt|bevet|felhasznál
931,appoint,əˈpoint,verb,kinevez,"nominate|designate|assign|mark off|mark out|lay out|mark out|pin up|promote",kijelöl|kitűz|előléptet
932,appointee,,noun,kinevezett,,
933,appointment,əˈpointmənt,noun,"időpont egyeztetés",nomination|placement|meet|reunion|get-together|time|moment|notification|declaration|statement,kinevezés|találkozó|időpont|bejelentés
934,apportion,əˈpôrSHən,verb,juttat,"partition|divide|parcel|distribute|share out|allocate|impart",feloszt
935,apportionment,əˈpôrSHənmənt,,felosztás,,
936,apposite,,,különleges,,
937,appositely,,adverb,találóan,,
938,appositeness,,,appositeness,,
939,appraisal,əˈprāzəl,noun,értékelés,evaluation|rating|assessment|valuation|interpretation|assessment,felbecsülés
940,appraise,əˈprāz,verb,értékel,value|evaluate|rate|appreciate|interpret|measure|estimate|evaluate|assess|compute,felbecsül
941,appraisement,,noun,becslés,"estimation|estimate|valuation|guess work",
942,appreciable,əˈprēSH(ē)əbəl,adjective,észlelhető,,
943,appreciate,əˈprēSHēˌāt,verb,méltányol,value|evaluate|rate|appraise|interpret,értékel
944,appreciation,əˌprēSHēˈāSHən,noun,felértékelődés,"enhancement of value|betterment",nagyrabecsülés|értéknövekedés|méltánylás
945,appreciative,əˈprēSH(ē)ətiv,adjective,méltányoló,,
946,appreciatively,,,elismerően,,
947,appreciativeness,,,appreciativeness,,
948,appreciatory,,,appreciatory,,
949,apprehend,ˌapriˈhend,verb,felfog,"arrest|put under arrest|realize|comprehend|perceive|understand|grasp|understand|comprehend|vert|perceive|see",letartóztat|megért
950,apprehended,,verb,elfogott,"arrest|apprehend|put under arrest|realize|comprehend|perceive|understand|grasp|apprehend|understand|comprehend|vert|perceive|see|apprehend",letartóztat|felfog|megért
951,apprehensible,ˌapriˈhensəbəl,adjective,felfogható,comprehensible|understandable|cogitable,
952,apprehension,ˌapriˈhenSHən,noun,letartóztatás,arrest|understanding|uptake|perception|sense|comprehension|realization,megértés|felfogás
953,apprehensive,ˌapriˈhensiv,adjective,nyugtalan,worried|concerned|fidgety|jittery|restive|intelligent|knowledgeable|clever|competent|judicious,értelmes
954,apprehensiveness,,,apprehensiveness,,
955,apprentice,əˈprentis,noun,"ipari tanuló",,
956,apprenticeship,əˈprentisˌSHip,noun,gyakornoki,,tanoncság
957,apprise,əˈprīz,verb,értesít,notify|inform|apprize|apprize,"tudomására hoz"
958,approach,əˈprōCH,noun,megközelítés,oncoming,"közeledés|közelgés|közelítő árok|ostromárok"
959,approaching,,noun,közeledik,,
960,approbate,,,jóváhagy,,
961,approbation,ˌaprəˈbāSHən,noun,jóváhagyás,approval|endorsement|confirmation|ratification|sanction|certificate|verification|excuse|exculpation|tracking,igazolás
962,approbatory,,,beleegyező,,
963,appropriate,,adjective,megfelelő,"corresponding|right|adequate|suitable|proper|proper|suitable|capable|applicable|convenient|competent|correct|right|well|fitting|seemly|pertinent|apposite|felicitous|incisive|entitled|entitled to",helyénvaló|alkalmas|helyes|találó|jogosult
964,appropriately,,,megfelelő,,
965,appropriateness,,noun,alkalmasság,suitability|fitness|aptitude|competence|adequacy,
966,appropriation,əˌprōprēˈāSHən,noun,előirányzat,expropriation,eltulajdonítás
967,approval,əˈpro͞ovəl,noun,jóváhagyás,endorsement|confirmation|ratification|sanction|affirmation|contribution|consent|assent|permission|share|applause|suffrage|acclamation,hozzájárulás|helyeslés
968,approve,əˈpro͞ov,verb,jóváhagy,ratify|sanction|affirm|assent|endorse|endorse|indorse|uphold|confirm|strengthen|reinforce|fortify|verify,helyesel|megerősít
969,"approve of",,,helyesli,,
970,approving,əˈpro͞oviNG,verb,jóváhagyásáról,approve|ratify|sanction|affirm|assent|endorse|approve|endorse|indorse|uphold|confirm|strengthen|reinforce|fortify|verify|vouch,jóváhagy|helyesel|megerősít
971,approvingly,,adverb,helyeslően,,
972,approximate,,adjective,hozzávetőleges,proximate,megközelítő
973,approximately,əˈpräksəmətlē,adverb,"hozzávetőlegesen, körülbelül",,hozzávetőlegesen
974,approximative,,,durva,,
975,appurtenant,əˈpərtn-ənt,adjective,járulékos,incremental|adjunct,
976,apres,,,után,,
977,apropos,ˌaprəˈpō,adverb,apropó,,
978,"apropos of",,preposition,"valami kapcsán",,
979,apt,apt,adjective,hajlamos,liable|inclined|minded|given|inclinable,"jó eszű"
980,aptitude,ˈaptiˌt(y)o͞od,noun,alkalmasság,facility|talent|capability|aptness|suitability|fitness|competence|appropriateness|adequacy|tendency|predisposition|leaning|inclination|susceptibility|caliber|suitability|efficiency|talent|gift|ability|faculty|art|susceptibility|predisposition|responsiveness|receptivity|sensibility,"adottság|hajlam|rátermettség|tehetség|fogékonyság|gyors felfogóképesség"
981,aptness,ˈaptnis,noun,adottság,aptitude|facility|talent|capability|suitability|fitness|aptitude|competence|appropriateness,alkalmasság
982,"aqua vitae",,,"az élet vize",,
983,aquatic,"əˈkwat-,əˈkwätik",adjective,vízi,hydraulic|watery,
984,aqueduct,"ˈak-,ˈäkwəˌdəkt",noun,vízvezeték,channel|canal|duct|drain|conduit,csatorna
985,aquiver,,,aquiver,,
986,arbiter,ˈärbitər,noun,döntőbíró,arbitrator|referee|conciliator|referendary|umpire,
987,arbitrary,ˈärbiˌtrerē,adjective,önkényes,discretionary|absolutistic|high-handed,önhatalmú
988,arbitrate,ˈärbiˌtrāt,verb,döntőbíráskodik,"decide|adjudicate|take a position",eldönt
989,arbitrator,ˈärbiˌtrātər,noun,döntőbíró,referee|conciliator|referendary|arbiter|umpire,
990,arc,ärk,noun,ív,sheet|sinuosity,körív
991,arcadian,,adjective,árkádiai,Arcadian,
992,arcane,ärˈkān,adjective,misztikus,mystic,"titkos hatású"
993,arch,ärCH,noun,boltív,vault,bolthajtás
994,archaic,ärˈkāik,adjective,régies,,
995,archconservative,ärCHkənˈsərvətiv,,archconservative,,
996,archetypal,ˌärk(i)ˈtīpəl,,archetipikus,,
997,archetype,ˈärk(i)ˌtīp,noun,őstípus,,alaptípus
998,archetypical,,,archetipikus,,
999,archfiend,ˌärCHˈfēnd,noun,főellenség,archenemy,
1000,architect,ˈärkiˌtekt,noun,építészmérnök,,
1001,architecture,ˈärkiˌtekCHər,noun,építészet,structure|device|construction|mechanism|fabric,szerkezet
1002,archive,ˈärˌkīv,,archív,,
1003,archly,,adverb,csintalanul,,
1004,archon,ˈärˌkän,,archon,,
1005,arctic,,adjective,sarkvidéki,subpolar|polar,sarki
1006,ardency,,,ardency,,
1007,ardent,ˈärdnt,adjective,lelkes,enthusiastic|keen|soulful|zealous|impassioned|burning|fiery|alight|afire,égő
1008,"ardent spirits",,,"lelkes szellemek",,
1009,ardor,ˈärdər,noun,lelkesedés,enthusiasm|zest|eagerness|verve|rave|vehemence|acuteness|fervency|impetuosity|mettle,hevesség
1010,arduous,ˈärjo͞oəs,adjective,fáradságos,painful|laborious|cumbrous|cumbersome|steep|precipitous|bluff|prone|bluffy,meredek
1011,arduously,,,arduously,,
1012,area,ˈe(ə)rēə,noun,terület,zone|territory|region|grounds|ground|district|zone|section|locality|bar|band|lane|strip|stripe|platoon|section|phase|paragraph|period|quarters|dorm|dormitory|place,körzet|körzeti|sáv|szakasz|körlet|mellék
1013,arena,əˈrēnə,noun,küzdőtér,"lists|crew space|fighting compartment",
1014,argentine,"-ˌtēn,ˈärjənˌtīn",noun,argentin,Argentinean,
1015,argosy,ˈärgəsē,noun,flotta,fleet|navy|ship|boat|craft|keel|prow,hajó
1016,argot,,,tolvajnyelv,,
1017,arguable,ˈärgyo͞oəbəl,adjective,vitatható,debatable|questionable|disputable,
1018,argue,ˈärgyo͞o,verb,érvel,"bring to reason|dispute|debate|quarrel|wrangle|contend|dispute|oppugn|impugn",vitatkozik|vitat
1019,arguer,,,vitatkozó,,
1020,argufier,,,argufier,,
1021,argufy,ˈärgyəˌfī,,argufy,,
1022,argument,ˈärgyəmənt,noun,érv,"reasoning|argumentation|debate|dispute|discussion|controversy|quarrel|topic|theme|subject|subject matter|text",érvelés|vita|téma
1023,argumentation,ˌärgyəmənˈtāSHən,noun,érvelés,argument|reasoning|demonstration|documentation,bizonyítás
1024,argumentative,ˌärgyəˈmentətiv,adjective,veszekedős,petulant,
1025,argus-eyed,ˈärgəsˌīd,adjective,"Árgus szemű",Argus-eyed,
1026,arid,ˈarid,adjective,száraz,dry|anhydrous|stale|droughty|prosaic,
1027,arise,əˈrīz,verb,felmerülhet,"originate|hail from|resurrect|get up|revolt",ered|feltámad|felkel
1028,aristocracy,ˌariˈstäkrəsē,noun,arisztokrácia,,
1029,aristocrat,əˈristəˌkrat,noun,arisztokrata,,
1030,aristocratic,əˌristəˈkratik,adjective,főnemesi,,
1031,arithmetic,,noun,számtan,,
1032,arm,ärm,noun,kar,"handle|chorus|weapon|arms|branch|combat arm|wing|flank|vane|pinion|lap|branching|junction|fork|bifurcation|ramification|handle|lever|knob|holder|pull",élesít|fegyver|fegyvernem|szárny|elágazás|fogantyú|harceszköz
1033,armada,ärˈmädə,noun,armada,fleet,hajóhad
1034,armature,"-ˌCHo͝or,ˈärməCHər",noun,forgórész,arming|rotor|circumvolution,tekercselés
1035,"armed forces",,noun,"fegyveres erők","armed services|military power|army|the military|soldiery|military personnel",katonaság
1036,armistice,ˈärməstis,noun,fegyverszünet,truce|cease-fire|truce,tűzszünet
1037,armor,ˈärmər,noun,páncél,"mail|cuirass|armour|armor plating|armour|armour-plating|arms|arming|armament|weaponry|arsenal|harness|armour|armour|armour","páncélzat|fegyverzet|vért|páncélozott|páncélos csapatok"
1038,armory,ˈärmərē,noun,fegyvertár,"armoury|gun room|pod|armoury|arsenal|arsenal|armoury|heraldry|armoury",fegyvergyár|fegyverraktár|címertan
1039,arm-twisting,,noun,kar-csavarás,"arm twisting","erőszak alkalmazása"
1040,army,ˈärmē,noun,hadsereg,"field army|the military|soldiery|military personnel|armed forces|ground forces|land forces","katonaság|szárazföldi csapatok|szárazföldi erő"
1041,aroma,əˈrōmə,noun,aroma,flavor|flavoring|flavour|flavouring|fragrance|scent|perfume|odor|fragrancy|flavor|savor|flavour|savour,illat|zamat
1042,aromatic,ˌarəˈmatik,,aromás,,
1043,around,əˈround,preposition,körül,about|circa|near,körülbelül|közel
1044,arouse,əˈrouz,verb,felkelti,wake|awake|waken|excite|ruffle|madden,felébreszt|felizgat
1045,arrange,əˈrānj,verb,rendezni,"manage|administer|order|pigeonhole|dispose|settle|tidy up|negotiate|stipulate|come to terms","intéz|elrendez|elintéz|megállapodik|lépéseket tesz"
1046,arrangement,əˈrānjmənt,noun,elrendezés,layout|arranging|organization|composition|disposal|agreement|consensus|consistency|coincidence|congruence|adjustment|disposal,megegyezés|elintézés|végakarat
1047,arrant,ˈarənt,adjective,hírhedt,notorious,
1048,array,əˈrā,noun,sor,"line|row|range|rank|tier|presentation|display|demonstration|showing|production|order|battle formation|combat order|disposition|order of battle","bemutatás|esküdtszék beiktatása|harcrend"
1049,arrearage,,,hátraléknyilatkozatban,,
1050,arrears,əˈri(ə)rz,noun,lemaradás,lag|arrear,
1051,arrest,əˈrest,noun,letartóztatás,apprehension,leszorítás
1052,arrested,,adjective,letartóztatott,backward,visszamaradt
1053,arresting,əˈrestiNG,adjective,megragadó,,
1054,arrestment,,,reteszelést,,
1055,arrival,əˈrīvəl,noun,érkezés,,befutás
1056,arrive,əˈrīv,verb,megérkezik,"come in|check in|roll up","megjön|jut vmire"
1057,arriviste,,,újgazdag,,
1058,arrogance,ˈarəgəns,noun,gőg,pride|haughtiness|lordliness,
1059,arrogant,ˈarəgənt,adjective,arrogáns,haughty|overweening|lofty|lordly|stuck-up,gőgös
1060,arrogate,ˈarəˌgāt,verb,követel,"demand|claim|call for|necessitate|exact","tulajdonít vkinek vmit"
1061,arrogation,,,"magának azt",,
1062,arsenal,ˈärs(ə)-nl,noun,fegyverraktár,armory|armoury|armoury|armory|arms|arming|armor|armament|weaponry,fegyvergyár|fegyverzet
1063,arsonist,ˈärsənist,,gyújtogató,,
1064,art,ärt,noun,Művészet,dexterity|skill|artfulness|cleverness|deftness|talent|gift|ability|faculty|aptitude,művészet|ügyesség|tehetség
1065,arterial,ärˈti(ə)rēəl,adjective,artériás,,ütőéri
1066,artery,ˈärtərē,noun,artéria,,ütőér
1067,artful,ˈärtfəl,adjective,ügyes,clever|skillful|skilful|deft|good,
1068,artfully,,,művészien,,
1069,artfulness,,noun,ügyesség,dexterity|skill|cleverness|deftness|ingenuity,
1070,article,ˈärtikəl,noun,cikk,item|commodity|goods|thing|stuff|matter|object|work,árucikk|névelő|dolog
1071,articulate,,adjective,tagolt,,közérthető
1072,articulateness,,,articulateness,,
1073,articulation,ärˌtikyəˈlāSHən,noun,tagolás,pronunciation|vocalization|enunciation,kiejtés|összeilleszkedés
1074,artifice,ˈärtəfis,noun,csel,trick|ruse|dodge|cunning|cuteness|finesse|slyness|craftiness|shrewdness|acumen,ravaszság|eszesség
1075,artificer,ärˈtifəsər,noun,kézműves,craftsman|artisan|handicraftsman,
1076,artificial,ˌärtəˈfiSHəl,adjective,mesterséges,dummy|man-made|affected|sophisticated|unconstrained|factitious|prim,mesterkélt
1077,artillery,ärˈtilərē,adjective,tüzérségi,,
1078,artisan,ˈärtəzən,noun,kézműves,craftsman|handicraftsman|artificer|craftsman,mesterember
1079,artist,ˈärtist,noun,művész,,
1080,artistic,ärˈtistik,adjective,művészeti,artistical|artistical,művészi
1081,artistry,ˈärtistrē,noun,művésziesség,,
1082,artless,ˈärtlis,adjective,művészietlen,inartistic,
1083,artlessly,,,artlessly,,
1084,artlessness,,,ártatlanság,,
1085,as,"as,az",adverb,mint,qua,
1086,"as far as",,adverb,"addig, amíg",,amennyire|valameddig
1087,"as for",,,"mint a",,
1088,"as if",,conjunction,mintha,as,
1089,"as long as",,adverb,amíg,thither,addig
1090,"as regards",,adverb,illetően,,
1091,"as respects",,,tekintetben,,
1092,"as soon as",,adverb,amint,,mihelyt
1093,"as though",,adverb,mintha,,
1094,"as to",,conjunction,hogy,,"ami ... illeti"
1095,"as well as",,adjective,továbbá,,valamint
1096,ascend,əˈsend,verb,felemelkedik,"rise|lift off|uprise|take off|get on|soar|lift off|lift",felszáll
1097,ascendance,,,származás,,
1098,ascendancy,əˈsendənsē,noun,hatalom,power|authority|might|empire|potency|influence|impact|leverage|hold|inflow,befolyás
1099,ascendence,,,Ascendence,,
1100,ascendency,,,befolyás,,
